section,Ans,Question
มาตรา 4,ในพระราชบัญญัตินี้(1) การจราจร หมายความว่า  การใช้ทางของผู้ขับขี่  คนเดินเท้า หรือคนที่จูง ขี่ หรือไล่ต้อนสัตว์(2) ทาง หมายความว่า  ทางเดินรถ ช่องเดินรถ ช่องเดินรถประจำทาง ไหล่ทาง ทางเท้า ทางข้าม ทางร่วมทางแยก ทางลาด ทางโค้ง สะพาน และลานที่ประชาชนใช้ในการจราจร  และให้หมายความรวมถึงทางส่วนบุคคลที่เจ้าของยินยอมให้ประชาชนใช้ในการจราจรหรือที่เจ้าพนักงานจราจรได้ประกาศให้เป็นทางตามพระราชบัญญัตินี้ด้วย แต่ไม่รวมไปถึงทางรถไฟ(3) ทางเดินรถ หมายความว่า  พื้นที่ที่ทำไว้สำหรับการเดินรถไม่ว่าในระดับพื้นดิน ใต้หรือเหนือพื้นดิน(4) ช่องเดินรถ หมายความว่า  ทางเดินรถที่จัดแบ่งเป็นช่องสำหรับการเดินรถ โดยทำเครื่องหมายเป็นเส้นหรือแนวแบ่งเป็นช่องไว้(5) ช่องเดินรถประจำทาง หมายความว่า  ช่องเดินรถที่กำหนดให้เป็นช่องเดินรถสำหรับรถโดยสารประจำทางหรือรถบรรทุกคนโดยสารประเภทที่อธิบดีกำหนด(6) ทางเดินรถทางเดียว หมายความว่า  ทางเดินรถใดที่กำหนดให้ผู้ขับรถขับไปในทิศทางเดียวกันตามเวลาที่เจ้าพนักงานจราจรกำหนด(7) ขอบทาง หมายความว่า  แนวริมของทางเดินรถ(8) ไหล่ทาง หมายความว่า  พื้นที่ที่ต่อจากขอบทางออกไปทางด้านข้างซึ่งยังมิได้จัดทำเป็นทางเท้า(9) ทางร่วมทางแยก หมายความว่า  พื้นที่ที่ทางเดินรถตั้งแต่สองสายตัดผ่านกัน รวมบรรจบกัน หรือติดกัน(10) วงเวียน หมายความว่า     ทางเดินรถที่กำหนดให้รถเดินรอบเครื่องหมายจราจรหรือสิ่งที่สร้างขึ้นในทางร่วมทางแยก(11) ทางเท้า หมายความว่า  พื้นที่ที่ทำไว้สำหรับคนเดินซึ่งอยู่ข้างใดข้างหนึ่งของทาง หรือทั้งสองข้างของทาง หรือส่วนที่อยู่ชิดขอบทางซึ่งใช้เป็นที่สำหรับคนเดิน(12) ทางข้าม หมายความว่า  พื้นที่ที่ทำไว้สำหรับให้คนเดินเท้าข้ามทางโดยทำเครื่องหมายเป็นเส้นหรือแนวหรือตอกหมุดไว้บนทาง และให้หมายความรวมถึงพื้นที่ที่ทำให้คนเดินเท้าข้ามไม่ว่าในระดับใต้หรือเหนือพื้นดินด้วย(13) เขตปลอดภัย หมายความว่า  พื้นที่ในทางเดินรถที่มีเครื่องหมายแสดงไว้ให้เห็นได้ชัดเจนทุกเวลา สำหรับให้คนเดินเท้าที่ข้ามทางหยุดรอหรือให้คนที่ขึ้นหรือลงรถหยุดรอก่อนจะข้ามทางต่อไป(14) ที่คับขัน หมายความว่า  ทางที่มีการจราจรพลุกพล่านหรือมีสิ่งกีดขวาง หรือในที่ซึ่งมองเห็นหรือทราบได้ล่วงหน้าว่าอาจเกิดอันตรายหรือความเสียหายแก่รถหรือคนได้ง่าย(15) รถ หมายความว่า  ยานพาหนะทางบกทุกชนิด เว้นแต่รถไฟและรถราง(16) รถยนต์ หมายความว่า  รถที่มีล้อตั้งแต่สามล้อและเดินด้วยกำลังเครื่องยนต์ กำลังไฟฟ้าหรือพลังงานอื่น ยกเว้นรถที่เดินบนราง(17) รถจักรยานยนตร์ หมายความว่า  รถที่เดินด้วยกำลังเครื่องยนต์ กำลังไฟฟ้า หรือพลังงานอื่น และมีล้อไม่เกินสองล้อ ถ้ามีพ่วงข้างมีล้อเพิ่มอีกไม่เกินหนึ่งล้อ(18) รถจักรยาน หมายความว่า  รถที่เดินด้วยกำลังของผู้ขับขี่ที่มิใช่เป็นการลากเข็น(19) รถฉุกเฉิน หมายความว่า  รถดับเพลิงและรถพยาบาลของราชการบริหารส่วนกลาง ราชการบริหารส่วนภูมิภาคและราชการบริหารส่วนท้องถิ่น หรือรถอื่นที่ได้รับอนุญาตจากอธิบดีให้ใช้ไฟสัญญาณแสงวับวาบหรือให้ใช้เสียงสัญญาณไซเรนหรือเสียงสัญญาณอย่างอื่นตามที่จะกำหนดให้(20) รถบรรทุก หมายความว่า  รถยนต์ที่สร้างขึ้นเพื่อใช้บรรทุกสิ่งของหรือสัตว์(21) รถบรรทุกคนโดยสาร หมายความว่า  รถยนต์ที่สร้างขึ้นเพื่อใช้บรรทุกคนโดยสารเกินเจ็ดคน(22) รถโรงเรียน หมายความว่า  รถบรรทุกคนโดยสารที่โรงเรียนใช้รับส่งนักเรียน(23) รถโดยสารประจำทาง หมายความว่า  รถบรรทุกคนโดยสารที่เดินตามทางที่กำหนดไว้ และเรียกเก็บค่าโดยสารเป็นรายคนตามอัตราที่วางไว้เป็นระยะทางหรือตลอดทาง(24) รถแท็กซี่ หมายความว่า  รถยนต์ที่ใช้รับจ้างบรรทุกคนโดยสารไม่เกินเจ็ดคน(25) รถลากจูง หมายความว่า  รถยนต์ที่สร้างขึ้นเพื่อใช้สำหรับลากจูงรถหรือเครื่องมือการเกษตรหรือเครื่องมือการก่อสร้าง โดยตัวรถนั้นเองมิได้ใช้สำหรับบรรทุกคนหรือสิ่งของ(26) รถพ่วง หมายความว่า  รถที่เคลื่อนที่ไปโดยใช้รถอื่นลากจูง(27) มาตรแท็กซี่ หมายความว่า  เครื่องแสดงอัตราและค่าโดยสารของรถแท็กซี่ โดยอาศัยเกณฑ์ระยะทางหรือเวลาการใช้รถแท็กซี่หรือโดยอาศัยทั้งระยะทางและเวลาการใช้รถแท็กซี่(28) ผู้ขับขี่ หมายความว่า  ผู้ขับรถ ผู้ประจำเครื่องอุปกรณ์การขนส่งตามกฎหมายว่าด้วยการขนส่ง ผู้ลากเข็นยานพาหนะ(29) คนเดินเท้า หมายความว่า  คนเดินและให้รวมตลอดถึงผู้ใช้เก้าอี้ล้อสำหรับคนพิการหรือรถสำหรับเด็กด้วย(30) เจ้าของรถ หมายความรวมถึงผู้มีรถไว้ในครอบครองด้วย(31) ผู้เก็บค่าโดยสาร หมายความว่า  ผู้ซึ่งรับผิดชอบในการเก็บค่าโดยสาร และผู้ดูแลคนโดยสารที่อยู่ประจำรถบรรทุกคนโดยสาร(32) ใบอนุญาตขับขี่ หมายความว่า  ใบอนุญาตขับรถยนต์ตามกฎหมายว่าด้วยรถยนต์ ใบอนุญาตสำหรับคนขับรถตามกฎหมายว่าด้วยรถจ้างใบอนุญาตขับขี่ตามกฎหมายว่าด้วยล้อเลื่อน และใบอนุญาตผู้ประจำเครื่องอุปกรณ์การขนส่งตามกฎหมายว่าด้วยการขนส่ง(33) สัญญาณจราจร หมายความว่า  สัญญาณใด ๆ ไม่ว่าจะแสดงด้วยธง ไฟ ไฟฟ้า มือ แขน เสียงนกหวีด หรือด้วยวิธีอื่นใด สำหรับให้ผู้ขับขี่คนเดินเท้า หรือคนที่จูง ขี่ หรือไล่ต้อนสัตว์ ปฏิบัติตามสัญญาณนั้น(34) เครื่องหมายจราจร หมายความว่า  เครื่องหมายใด ๆ ที่ได้ติดตั้งไว้ หรือทำให้ปรากฏในทางสำหรับให้ผู้ขับขี่ คนเดินเท้า หรือคนที่จูง ขี่หรือไล่ต้อนสัตว์ ปฏิบัติตามเครื่องหมายนั้น(35) รัฐมนตรี หมายความว่า  รัฐมนตรีผู้รักษาการตามพระราชบัญญัตินี้(36) อธิบดี หมายความว่า  อธิบดีกรมตำรวจ(37) เจ้าพนักงานจราจร หมายความว่า  ข้าราชการตำรวจชั้นสัญญาบัตร ซึ่งรัฐมนตรีแต่งตั้งให้เป็นเจ้าพนักงานจราจร(38) พนักงานเจ้าหน้าที่ หมายความว่า  ตำรวจซึ่งปฏิบัติหน้าที่ควบคุมการจราจร(39) อาสาจราจร หมายความว่า  ผู้ซึ่งผ่านการอบรมตามหลักสูตรอาสาจราจร และได้รับแต่งตั้งจากอธิบดีให้ช่วยเหลือการปฏิบัติหน้าที่ของพนักงานเจ้าหน้าที่ตามที่บัญญัติไว้ในพระราชบัญญัตินี้(1)(40) 'ผู้ตรวจการ' หมายความว่า  ผู้ตรวจการตามกฎหมายว่าด้วยการขนส่งทางบกและผู้ตรวจการตามกฎหมายว่าด้วยรถยนต์,ในพระราชบัญญัตินี้ผู้ตรวจการ  หมายถึงอะไร
มาตรา 8,ห้ามมิให้ผู้ใดนำรถที่ผู้ขับขี่ไม่อาจแลเห็นทางพอแก่ความปลอดภัยมาใช้ในทางเดินรถเพื่อประโยชน์แห่งมาตรานี้ ให้อธิบดีมีอำนาจออกระเบียบเกี่ยวกับการใช้วัสดุกรองแสงกับรถที่นำมาใช้ในทางเดินรถได้ โดยประกาศในราชกิจจานุเบกษา,ถ้าฟิลม์รถยนต์มืดมากเกินไป
มาตรา 13,ห้ามมิให้ผู้ขับขี่ซึ่งขับรถทุกชนิดในทางเดินรถใช้ไฟสัญญาณแสงวับวาบ เสียงสัญญาณไซเรน เสียงสัญญาณที่เป็นเสียงนกหวีดเสียงที่แตกพร่า เสียงหลายเสียง เสียงดังเกินสมควร หรือเสียงสัญญาณอย่างอื่นตามที่อธิบดีกำหนดโดยประกาศในราชกิจจานุเบกษาอธิบดีมีอำนาจอนุญาตให้รถฉุกเฉิน รถในราชการทหารหรือตำรวจหรือรถอื่นใช้ไฟสัญญาณวับวาบหรือใช้เสียงสัญญาณไซเรนหรือเสียงสัญญาณอย่างอื่นได้ ในการนี้อธิบดีจะกำหนดเงื่อนไขในการใช้ไฟสัญญาณหรือเสียงสัญญาณรวมทั้งกำหนดเครื่องหมายที่แสดงถึงลักษณะของรถดังกล่าวด้วยก็ได้โดยประกาศในราชกิจจานุเบกษา,รถคนปกติใช้ไซเรนจะผิดไหม
มาตรา 14,การใช้เสียงสัญญาณ ผู้ขับขี่จะใช้ได้เฉพาะเมื่อจำเป็นหรือป้องกันอุบัติเหตุเท่านั้น แต่จะใช้เสียงยาวหรือซ้ำเกินควรไม่ได้การใช้เสียงสัญญาณของรถหรือการกำหนดเงื่อนไขในการใช้เสียงสัญญาณในเขตหรือท้องที่ใด ให้อธิบดีกำหนดโดยประกาศในราชกิจจานุเบกษา,เราบีบเเตรเพื่อที่จะสร้างสีสันได้หรือไม่
มาตรา 15,รถที่บรรทุกของยื่นเกินความยาวของตัวรถ ขณะที่อยู่ในทางเดินรถ และในเวลาต้องเปิดไฟตามมาตรา 11 หรือมาตรา 61 ผู้ขับขี่ต้องจุดไฟสัญญาณแสงแดง หรือในเวลากลางวันต้องติดธงสีแดงไว้ที่ตอนปลายสุดของสิ่งที่บรรทุกนั้น โดยจุดไฟสัญญาณหรือติดธงไว้ให้มองเห็นได้ในระยะไม่น้อยกว่าหนึ่งร้อยห้าสิบเมตรไฟสัญญาณแสงแดงหรือธงสีแดงตามวรรคหนึ่ง จะใช้ชนิด ลักษณะหรือจำนวนเท่าใด ให้อธิบดีกำหนดโดยประกาศในราชกิจจานุเบกษา,บันทุกของเกินความยาวของรถได้กี่เมตร
มาตรา 19,ในกรณีที่มีความจำเป็นจะต้องบรรทุกคน สัตว์ หรือสิ่งของนอกเหนือไปจากหลักเกณฑ์และวิธีการที่กำหนดในกฎกระทรวง เมื่อเจ้าของรถร้องขอเจ้าพนักงานจราจรจะผ่อนผันโดยอนุญาตเป็นหนังสือเป็นการชั่วคราวเฉพาะรายก็ได้,รถบันทุกคน จะต้องทำเรื่องอะไรไหม
มาตรา 20,ผู้ขับขี่ซึ่งขับรถบรรทุกคน สัตว์ หรือสิ่งของต้องจัดให้มีสิ่งป้องกันมิให้ คน สัตว์ หรือสิ่งของที่บรรทุกตกหล่น รั่วไหล ส่งกลิ่น ส่องแสงสะท้อน หรือปลิวไปจากรถ อันอาจก่อเหตุเดือดร้อน รำคาญ ทำให้ทางสกปรกเปรอะเปื้อน ทำให้เสื่อมเสียสุขภาพอนามัยแก่ประชาชน หรือก่อให้เกิดอันตรายแก่บุคคลหรือทรัพย์สิน,การบันทุกคนจะต้องป้องกันหรือจัดการอะไรไหม
มาตรา 21,ผู้ขับขี่ต้องปฏิบัติให้ถูกต้องตามสัญญาณจราจรและเครื่องหมายจราจรที่ได้ติดตั้งไว้หรือทำให้ปรากฏในทาง หรือที่พนักงานเจ้าหน้าที่แสดงให้ทราบสัญญาณจราจร เครื่องหมายจราจรและความหมายของสัญญาณจราจรและเครื่องหมายจราจร ให้อธิบดีกำหนดโดยประกาศในราชกิจจานุเบกษาและให้มีรูปตัวอย่างแสดงไว้ในประกาศด้วย,มีอะไรกำหนดไหมว่าต้องทำตามครื่องหมายจราจร เเละ สัญญาณจราจร
มาตรา 22,ผู้ขับขี่ต้องปฏิบัติตามสัญญาณจราจรหรือเครื่องหมายจราจรที่ปรากฏข้างหน้าในกรณีต่อไปนี้(1) สัญญาณจราจรไฟสีเหลืองอำพัน ให้ผู้ขับขี่เตรียมหยุดรถหลังเส้นให้รถหยุดเพื่อเตรียมปฏิบัติตามสัญญาณที่จะปรากฏต่อไปดังกล่าวใน (2) เว้นแต่ผู้ขับขี่ที่ได้เลยเส้นให้รถหยุดไปแล้วให้เลยไปได้(2) สัญญาณจราจรไฟสีแดงหรือเครื่องหมายจราจรสีแดงที่มีคำว่าหยุด ให้ผู้ขับขี่หยุดรถหลังเส้นให้รถหยุด(3) สัญญาณจราจรไฟสีเขียวหรือเครื่องหมายจราจรสีเขียวที่มีคำว่า ไป ให้ผู้ขับขี่ขับรถต่อไปได้ เว้นแต่จะมีเครื่องหมายจราจรกำหนดไว้เป็นอย่างอื่น(4)(1) สัญญาณจราจรไฟลูกศรสีเขียวชี้ให้เลี้ยวหรือชี้ให้ตรงไป หรือสัญญาณจราจรไฟสีแดงแสดงพร้อมกับสัญญาณจราจรไฟลูกศรสีเขียวชี้ให้เลี้ยวหรือชี้ให้ตรงไป ให้ผู้ขับขี่เลี้ยวรถหรือขับรถตรงไปได้ตามทิศทางที่ลูกศรชี้และต้องขับรถด้วยความระมัดระวัง และต้องให้สิทธิแก่คนเดินเท้าในทางข้ามหรือรถที่มาทางขวาก่อน(5) สัญญาณจราจรไฟกระพริบสีแดง ถ้าติดตั้งอยู่ที่ทางร่วมทางแยกใดเปิดทางด้านใดให้ผู้ขับขี่ที่มาทางด้านนั้นหยุดรถหลังเส้นให้รถหยุด เมื่อเห็นว่าปลอดภัยและไม่เป็นการกีดขวางการจราจรแล้ว จึงให้ขับรถต่อไปได้ด้วยความระมัดระวัง(6) สัญญาณจราจรไฟกระพริบสีเหลืองอำพัน ถ้าติดตั้งอยู่ ณ ที่ใดให้ผู้ขับขี่ลดความเร็วของรถลงและผ่านทาง-เดินรถนั้นไปด้วยความระมัดระวังผู้ขับขี่ซึ่งจะขับรถตรงไปต้องเข้าอยู่ในช่องเดินรถที่มีเครื่องหมายจราจรแสดงให้ตรงไป ส่วนผู้ขับขี่ซึ่งจะเลี้ยวรถต้องเข้าอยู่ในช่องเดินรถที่มีเครื่องหมายจราจรแสดงให้เลี้ยว การเข้าอยู่ในช่องเดินรถดังกล่าวจะต้องเข้าตั้งแต่เริ่มมีเครื่องหมายจราจรแสดงให้ปฏิบัติเช่นนั้น,ไฟจราจรสีเหลืองหมายถึงอะไร เเล้วจะต้องประทำตัวอย่างไรเมื่อเจอ
มาตรา 23,ผู้ขับขี่ซึ่งขับรถในทางเดินรถที่มีสัญญาณจราจรไฟสีเขียวหรือไฟสีแดงติดตั้งไว้เหนือช่องเดินรถ มากกว่าสองช่องขึ้นไปต้องปฏิบัติดังต่อไปนี้ (1)สัญญาณจราจรไฟสีแดงที่ทำเป็นรูปกากบาทเฉียงอยู่เหนือช่องเดินรถใดห้ามมิให้ผู้ขับขี่ขับรถในช่องเดินรถนั้น(2) สัญญาณจราจรไฟสีเขียวที่ทำเป็นรูปลูกศรอยู่เหนือช่องเดินรถใดให้ผู้ขับขี่ซึ่งขับรถในช่องเดินรถนั้นขับรถผ่านไปได้,ไฟสัญญาณจราจรที่อยู่เหนือช่องรถคืออะไร
มาตรา 25,ผู้ขับขี่ต้องปฏิบัติตามสัญญาณจราจรที่พนักงานเจ้าหน้าที่ได้แสดงด้วยเสียงสัญญาณนกหวีดในกรณีต่อไปนี้(1) เมื่อพนักงานเจ้าหน้าที่ใช้เสียงสัญญาณนกหวีดยาวหนึ่งครั้ง ให้ผู้ขับขี่หยุดรถทันที(2) เมื่อพนักงานเจ้าหน้าที่ใช้เสียงสัญญาณนกหวีดสั้นสองครั้งติดต่อกันให้ผู้ขับขี่ขับรถผ่านไปได้,พนักงานเจ้าหน้าที่ใช้เสียงเป่านกหวีดยาวหนึ่งครั้ง เราต้องทำอย่างไร
มาตรา 26,ในทางเดินรถที่มีสัญญาณจราจรหรือเครื่องหมายจราจรตามมาตรา 22 หรือสัญญาณจราจรตามมาตรา 23 ถ้าพนักงานเจ้าหน้าที่ผู้ควบคุมการจราจรในทางเดินรถนั้น เห็นสมควรเพื่อความปลอดภัยหรือความสะดวกในการจราจร จะให้สัญญาณจราจรเป็นอย่างอื่นก็ได้ ในกรณีเช่นนี้ ให้ผู้ขับขี่ปฏิบัติการเดินรถตามสัญญาณที่พนักงาน-เจ้าหน้าที่กำหนดให้,ไฟสัญญาณจราจรมีการเปลี่ยนเเปลงได้ไหม
มาตรา 28,ห้ามมิให้ผู้ใดนอกจากพนักงานเจ้าหน้าที่หรือเจ้าพนักงานทำ ติดตั้ง หรือทำให้ปรากฏซึ่งสัญญาณจราจร หรือเครื่องหมายจราจรในทางที่อธิบดีกำหนดตามมาตรา 21,คนปกติสามารถเพิ่มไฟจราจรได้หรือไม่
มาตรา 29,ห้ามมิให้ผู้ใดทำให้เสียหาย ทำลาย ซ่อนเร้น เปลี่ยนแปลง เคลื่อนย้าย ขีดเขียน หรือทำให้ไร้ประโยชน์ซึ่งสัญญาณจราจรหรือเครื่องหมายจราจรที่พนักงานเจ้าหน้าที่หรือเจ้าพนักงานติดตั้งไว้ หรือทำให้ปรากฏในทาง,ถ้าเราทำไฟจราจรเสียหายเราจะโดยอะไรไหม
มาตรา 32,ในการใช้ทางเดินรถผู้ขับขี่ต้องใช้ความระมัดระวังไม่ให้รถชนหรือโดนคนเดินเท้าไม่ว่าจะอยู่ ณ ส่วนใดของทาง และต้องให้สัญญาณเตือนคนเดินเท้าให้รู้ตัวเมื่อจำเป็น โดยเฉพาะอย่างยิ่ง เด็ก คนชราหรือคนพิการที่กำลังใช้ทาง ผู้ขับขี่ต้องใช้ความระมัดระวังเป็นพิเศษในการควบคุมรถของตน,สามารถบีบเเตรเพื่อที่จะเตือนคนเดินเท้าได้ไหม
มาตรา 33,ในการขับรถ ผู้ขับขี่ต้องขับรถในทางเดินรถด้านซ้ายและต้องไม่ล้ำกึ่งกลางของทางเดินรถ เว้นแต่ในกรณีต่อไปนี้ ให้เดินทางขวาหรือล้ำกึ่งกลางของทางเดินรถได้(1) ด้านซ้ายของทางเดินรถมีสิ่งกีดขวางหรือถูกปิดการจราจร(2) ทางเดินรถนั้นเจ้าพนักงานจราจรกำหนดให้เป็นทางเดินรถทางเดียว(3) ทางเดินรถนั้นกว้างไม่ถึงหกเมตร,ต้องขับขี่รถฝั่งไหน ระหว่างฝั่งซ้ายกันฝั่งขวา
มาตรา 35,รถที่มีความเร็วช้าหรือรถที่มีความเร็วต่ำกว่าความเร็วของรถคันอื่นที่ขับในทิศทางเดียวกัน ผู้ขับขี่ต้องขับรถให้ใกล้ขอบทางเดินรถด้านซ้ายเท่าที่จะกระทำได้ผู้ขับขี่รถบรรทุก รถบรรทุกคนโดยสาร รถจักรยานยนตร์ในทางเดินรถซึ่งได้แบ่งช่องเดินรถในทิศทางเดียวกันไว้ ตั้งแต่สองช่องขึ้นไปหรือได้จัดช่องเดินรถประจำทางด้านซ้ายไว้โดยเฉพาะ ต้องขับรถในช่องเดินรถด้านซ้ายสุดหรือใกล้เคียงกับช่องเดินรถประจำทางแล้วแต่กรณีความในวรรคสองมิให้ใช้บังคับแก่รถยนต์บรรทุกส่วนบุคคลที่มีน้ำหนักไม่เกินหนึ่งพันหกร้อยกิโลกรัม และรถยนต์นั่งส่วนบุคคลเกินเจ็ดคน ตามกฎหมายว่าด้วยรถยนต์,ถ้ารถมีความเร็วมากเเล้วอยากที่จะเเซงต้องอยู่เลนไหน
มาตรา 36,ผู้ขับขี่ซึ่งจะเลี้ยวรถ ให้รถคันอื่นผ่านหรือแซงขึ้นหน้าเปลี่ยนช่องเดินรถ ลดความเร็วของรถ จอดรถ หรือหยุดรถ ต้องให้สัญญาณด้วยมือและแขนตามมาตรา 37 หรือไฟสัญญาณตามมาตรา 38 หรือสัญญาณอย่างอื่นตามข้อบังคับของเจ้าพนักงานจราจรถ้าโดยสภาพของรถ สภาพของการบรรทุก หรือสภาพของทัศนวิสัยการให้สัญญาณด้วยมือและแขนตามวรรคหนึ่งไม่อาจทำให้ผู้ขับขี่ซึ่งขับรถสวนมาหรือตามมาข้างหลังมองเห็นได้ ผู้ขับขี่ต้องให้ไฟสัญญาณผู้ขับขี่ต้องให้สัญญาณด้วยมือและแขน ไฟสัญญาณหรือสัญญาณอย่างอื่นตามวรรคหนึ่งก่อนที่จะเลี้ยวรถ เปลี่ยนช่องเดินรถ จอดรถหรือหยุดรถเป็นระยะทางไม่น้อยกว่าสามสิบเมตรผู้ขับขี่ต้องให้สัญญาณด้วยมือและแขน ไฟสัญญาณหรือสัญญาณอย่างอื่นตามวรรคหนึ่ง ให้ผู้ขับขี่ซึ่งขับรถอื่นเห็นได้ในระยะไม่น้อยกว่าหกสิบเมตร,ถ้าจะจอดรถต้องส่งสัญญาณก่อนจอดกี่เมตร
มาตรา 38,การให้ไฟสัญญาณของผู้ขับขี่รถยนต์หรือรถจักรยานยนตร์ให้ปฏิบัติ ดังต่อไปนี้(1) เมื่อจะหยุดรถ ผู้ขับขี่ต้องให้ไฟสัญญาณสีแดงที่ท้ายรถ(2)(1) เมื่อจะเลี้ยวรถ เปลี่ยนช่องเดินรถ หรือแซงขึ้นหน้ารถคันอื่นผู้ขับขี่ต้องให้สัญญาณยกเลี้ยวสีเหลืองอำพัน หรือให้ไฟสัญญาณกระพริบสีขาวหรือสีเหลืองอำพันที่ติดอยู่หน้ารถหรือข้างรถ และไฟสัญญาณกระพริบสีแดงหรือสีเหลืองอำพันที่ติดอยู่ท้ายรถไปในทิศทางที่จะเลี้ยว เปลี่ยนช่องเดินรถ หรือ แซงขึ้นหน้ารถคันอื่น(3) เมื่อจะให้รถคันอื่นแซงขึ้นหน้า ผู้ขับขี่ต้องให้ไฟสัญญาณยกเลี้ยวสีเหลืองอำพันหรือให้ไฟสัญญาณกระพริบสีแดงหรือสีเหลืองอำพันที่ติดอยู่ท้ายรถทางด้านซ้ายของรถ,ไฟสัญญาณสีเหลืองที่อยู่หลังรถคืออะไร
มาตรา 39,เมื่อขับรถสวนกัน ให้ผู้ขับขี่ขับรถชิดด้านซ้ายของทางเดินรถ โดยให้ถือกึ่งกลางของทางเดินรถเป็นหลัก แต่ถ้าทางเดินรถใดได้จัดแบ่งเป็นช่องเดินรถไว้ ให้ถือเส้นหรือแนวที่แบ่งนั้นเป็นหลักในทางเดินรถที่แคบ เมื่อขับรถสวนกัน ผู้ขับขี่แต่ละฝ่ายต้องลดความเร็วของรถเพื่อให้รถสวนกันได้โดยปลอดภัยในทางเดินรถที่แคบซึ่งไม่อาจขับรถสวนกันได้โดยปลอดภัย เมื่อขับรถสวนกัน ผู้ขับขี่ซึ่งขับรถคันที่ใหญ่กว่าต้องหยุดรถให้ชิดขอบทางเดินรถด้านซ้ายเพื่อให้ผู้ขับขี่ซึ่งขับรถคันที่เล็กกว่าผ่านไปได้ในทางเดินรถที่มีสิ่งกีดขวางอยู่ข้างหน้า ผู้ขับขี่ต้องลดความเร็วของรถหรือหยุดรถเพื่อให้รถคันที่สวนมาผ่านไปได้,เวลาขับรถสวนกันที่ถนนเเคบต้องปฎิบัติอย่างไร
มาตรา 41,ทางเดินรถใดที่มีเครื่องหมายจราจรให้เป็นทางเดินรถทางเดียว ให้ผู้ขับขี่ขับรถไปตามทิศทางที่ได้กำหนดไว้,เมื่อเจอถนนที่มีลูกศรชี้ไปทิศทางเดียวต้องทำอย่างไร
มาตรา 43,ห้ามมิให้ผู้ขับขี่ขับรถ(1) ในขณะหย่อนความสามารถในอันที่จะขับ(2) ในขณะเมาสุราหรือของเมาอย่างอื่น(3) ในลักษณะกีดขวางการจราจร(4) โดยประมาทหรือน่าหวาดเสียว อันอาจเกิดอันตรายแก่บุคคลหรือทรัพย์สิน(5) ในลักษณะที่ผิดปกติวิสัยของการขับรถตามธรรมดา หรือไม่อาจแลเห็นทางด้านหน้าหรือด้านหลัง ด้านใดด้านหนึ่งหรือทั้งสองด้านได้พอแก่ความปลอดภัย(6) คร่อมหรือทับเส้นหรือแนวแบ่งช่องเดินรถ เว้นแต่เมื่อเปลี่ยนช่องเดินรถ เลี้ยวรถ หรือกลับรถ(7) บนทางเท้าโดยไม่มีเหตุอันสมควร เว้นแต่รถลากเข็นสำหรับทารก คนป่วยหรือคนพิการ(8) โดยไม่คำนึงถึงความปลอดภัยหรือความเดือดร้อนของผู้อื่น,ถ้าอายุไม่ถึงในการขับรถ
มาตรา 43 ทวิ(1),ห้ามมิให้ผู้ขับขี่เสพยาเสพติดให้โทษตามกฎหมายว่าด้วยยาเสพติดให้โทษ   หรือเสพวัตถุที่ออกฤทธิ์ต่อจิตและประสาทตามกฎหมายว่าด้วยวัตถุที่ออกฤทธิ์ต่อจิตและประสาท ทั้งนี้ ตามที่อธิบดีกำหนดโดยประกาศในราชกิจจานุเบกษาให้เจ้าพนักงานจราจร พนักงานสอบสวน พนักงานเจ้าหน้าที่ หรือผู้ตรวจการมีอำนาจจัดให้มีการตรวจสอบผู้ขับขี่รถบางประเภทตามที่อธิบดีกำหนดโดยประกาศในราชกิจจานุเบกษาว่าได้เสพยาเสพติดให้โทษหรือเสพวัตถุที่ออกฤทธิ์ต่อจิตและประสาทตามวรรคหนึ่งหรือไม่ และหากผลการตรวจสอบในเบื้องต้นปรากฏว่าผู้ขับขี่นั้นไม่ได้เสพก็ให้ผู้ขับขี่นั้นขับรถต่อไปได้ในกรณีที่ผู้ขับขี่ตามวรรคสองไม่ยอมให้ตรวจสอบ    ให้เจ้าพนักงานจราจร     พนักงานสอบสวน    พนักงานเจ้าหน้าที่ หรือผู้ตรวจการมีอำนาจกักตัวผู้นั้นไว้ เพื่อดำเนินการตรวจสอบได้ภายในระยะเวลาเท่าที่จำเป็นแห่งกรณีเพื่อให้การตรวจสอบเสร็จสิ้นไปโดยเร็วและเมื่อผู้นั้นยอมรับการตรวจสอบแล้วหากผลการตรวจสอบในเบื้องต้นปรากฏว่าไม่ได้เสพ ก็ให้ปล่อยตัวไปทันทีการตรวจสอบตามมาตรานี้ให้เป็นไปตามหลักเกณฑ์และวิธีการที่กำหนดในกฎกระทรวง,เสพสารเสพติดจะโดนผิดมาตราอะไร
มาตรา 44,ผู้ขับขี่ซึ่งประสงค์จะขับรถแซงเพื่อขึ้นหน้ารถอื่นในทางเดินรถ ซึ่งไม่ได้แบ่งช่องทางเดินรถไว้ ต้องให้สัญญาณโดยกระพริบไฟหน้าหลายครั้ง หรือให้ไฟสัญญาณยกเลี้ยวขวา หรือให้เสียงสัญญาณดังพอที่จะให้ผู้ขับขี่ซึ่งขับรถคันหน้าให้สัญญาณตอบตามมาตรา 37 (3) หรือมาตรา 38 (3) และเมื่อเห็นว่าไม่เป็นการกีดขวางรถอื่นที่กำลังแซงแล้ว จึงจะแซงขึ้นหน้าได้การแซงต้องแซงด้านขวาโดยมีระยะห่างจากรถที่ถูกแซงพอสมควร เมื่อเห็นว่าได้ขับผ่านขึ้นหน้ารถที่ถูกแซงไปในระยะที่ห่างเพียงพอแล้วจึงจะขับชิดด้านซ้ายของทางเดินรถได้,ถ้าอยากที่จะเเซงรถคันข้างหน้าต้องทำอย่างไร
มาตรา 45,ห้ามมิให้ผู้ขับขี่ขับรถแซงเพื่อขึ้นหน้ารถอื่นด้านซ้ายเว้นแต่ในกรณีต่อไปนี้(1) รถที่จะถูกแซงกำลังเลี้ยวขวาหรือให้สัญญาณว่าจะเลี้ยวขวา(2) ทางเดินรถนั้นได้จัดแบ่งเป็นช่องเดินรถในทิศทางเดียวกันไว้ตั้งแต่สองช่องขึ้นไปการขับรถแซงด้านซ้ายตาม (1) หรือ (2) จะกระทำได้เมื่อไม่มีรถอื่นตามมาในระยะกระชั้นชิดและมีความปลอดภัยพอ,เราสามารถเเซงรถจากทางได้ซ้ายได้ไหม
มาตรา 46,ห้ามมิให้ผู้ขับขี่ขับรถแซงเพื่อขึ้นหน้ารถอื่นในกรณีต่อไปนี้(1) เมื่อรถกำลังขึ้นทางชัน ขึ้นสะพาน หรืออยู่ในทางโค้ง เว้นแต่จะมีเครื่องหมายจราจรให้แซงได้(2) ภายในระยะสามสิบเมตรก่อนถึงทางข้าม ทางร่วมทางแยกวงเวียนหรือเกาะที่สร้างไว้ หรือทางเดินรถที่ตัดข้ามทางรถไฟ(3) เมื่อมีหมอก ฝน ฝุ่นหรือควัน จนทำให้ไม่อาจเห็นทางข้างหน้าได้ในระยะหกสิบเมตร(4) เมื่อเข้าที่คับขันหรือเขตปลอดภัย,เเซงคันหน้าที่ไหนไม่ได้บ้ายตามที่พรบกำหนด
มาตรา 48,ห้ามมิให้ผู้ขับขี่ขับรถแซงหรือผ่านขึ้นหน้ารถคันอื่นล้ำเข้าไปในช่องเดินรถประจำทาง เว้นแต่ในกรณีที่มีสิ่งกีดขวางการจราจรในทางเดินรถข้างหน้าหรือเมื่อต้องปฏิบัติตามคำสั่งของเจ้าพนักงานจราจรแต่ทั้งนี้จะขับรถอยู่ในช่องเดินรถประจำทางได้เพียงเท่าที่จำเป็นเท่านั้น,เราเเซงรถในเลนของรถประจำได้ไหม
มาตรา 49,เมื่อได้รับสัญญาณขอแซงขึ้นหน้าจากรถคันที่อยู่ข้างหลังผู้ขับขี่ซึ่งขับรถที่มีความเร็วช้าหรือรถที่ใช้ความเร็วต่ำกว่าความเร็วของรถอื่นที่ขับไปในทิศทางเดียวกัน ต้องยอมให้รถที่ใช้ความเร็วสูงกว่าผ่านขึ้นหน้าผู้ขับขี่ที่ถูกขอทางต้องให้สัญญาณตอบตามมาตรา 37 (3) หรือมาตรา 38 (3) เมื่อเห็นว่าทางเดินรถข้างหน้าปลอดภัยและไม่มีรถอื่นสวนทางมาในระยะกระชั้นชิด และต้องลดความเร็วของรถและขับรถชิดด้านซ้ายของทางเดินรถเพื่อให้รถที่จะแซงผ่านขึ้นหน้าได้โดยปลอดภัย,ถ้าเห็นรถที่ส่งสัญญาณกำลัวจะเเซงเราต้องทำอย่างไร
มาตรา 51,การเลี้ยวรถ ให้ปฏิบัติดังนี้(1) ถ้าจะเลี้ยวซ้าย    (ก) ในกรณีที่ไม่ได้แบ่งช่องเดินรถไว้ ให้ผู้ขับขี่ขับรถชิดทางเดินรถด้านซ้าย    (ข) ในกรณีที่มีการแบ่งช่องเดินรถไว้ และมีเครื่องหมายจราจรแสดงให้เลี้ยวซ้ายได้ ให้ผู้ขับขี่ขับรถในช่องเดินรถสำหรับรถที่จะเลี้ยวซ้าย  ทั้งนี้ ก่อนถึงทางเลี้ยวไม่น้อยกว่าสามสิบเมตร    (ค) ในกรณีที่มีช่องเดินรถประจำทางอยู่ทางเดินรถด้านซ้ายสุด ให้ผู้ขับขี่ขับรถชิดช่องเดินรถประจำทางก่อนถึงทางเลี้ยวไม่น้อยกว่าสามสิบเมตร และจะเลี้ยวรถผ่านเข้าไปในช่องเดินรถประจำทางได้เฉพาะในบริเวณที่มีเครื่องหมายจราจรให้เลี้ยวรถผ่านได้เท่านั้น(2) ถ้าจะเลี้ยวขวา    (ก) สำหรับทางเดินรถที่ไม่ได้แบ่งช่องเดินรถไว้ ให้ผู้ขับขี่ขับรถชิดทางด้านขวาของแนวกึ่งกลางของทางเดินรถก่อนถึงทางเลี้ยวไม่น้อยกว่าสามสิบเมตร    (ข) สำหรับทางเดินรถที่ได้แบ่งช่องเดินรถในทิศทางเดียวกันไว้ตั้งแต่สองช่องขึ้นไป ให้ผู้ขับขี่ขับรถชิดทางด้านขวาสุดของทางเดินรถหรือในช่องที่มีเครื่องหมายจราจรแสดงให้เลี้ยวขวาได้  ทั้งนี้ ก่อนถึงทางเลี้ยวไม่น้อยกว่าสามสิบเมตร    (ค) ในกรณีที่มีช่องเดินรถประจำทางอยู่ทางเดินรถด้านขวาสุด ให้ผู้ขับขี่ขับรถชิดช่องเดินรถประจำทางก่อนถึงทางเลี้ยวไม่น้อยกว่าสามสิบเมตร และจะเลี้ยวรถผ่านเข้าไปในช่องเดินรถประจำทางได้เฉพาะในบริเวณที่มีเครื่องหมายจราจรให้เลี้ยวรถผ่านได้เท่านั้น    (ง) สำหรับทางเดินรถที่มีเจ้าพนักงานจราจรหรือพนักงานเจ้าหน้าที่แสดงสัญญาณจราจรด้วยมือและแขน ให้ผู้ขับขี่ขับรถเลี้ยวขวาผ่านไปได้โดยไม่ต้องอ้อมเจ้าพนักงานจราจรหรือพนักงานเจ้าหน้าที่    (จ) เมื่อรถอยู่ในทางร่วมทางแยก ผู้ขับขี่ต้องให้รถที่สวนมาในทางเดินรถทางเดียวกันผ่านทางร่วมทางแยกไปก่อน เมื่อเห็นว่าปลอดภัยแล้วจึงให้เลี้ยวขวาไปได้(3) ถ้าจะเลี้ยวอ้อมวงเวียนหรือเกาะที่สร้างไว้ ให้ผู้ขับขี่ขับรถอ้อมไปทางซ้ายของวงเวียนหรือเกาะนั้นในกรณีตาม (1) และ (2) ผู้ขับขี่ต้องใช้ความระมัดระวังและต้องหยุดให้ทางแก่ผู้ที่กำลังข้ามทางและรถที่กำลังผ่านทางร่วมทางแยกจากทางด้านอื่นก่อน เว้นแต่ในกรณีที่มีรถเลี้ยวซ้ายและเลี้ยวขวาพร้อมกัน ให้รถเลี้ยวซ้ายให้ทางแก่รถเลี้ยวขวาก่อน,ถ้าจะเลี้ยวรถจะต้องทำอย่างไร
มาตรา 52,ในทางเดินรถที่สวนกันได้ ห้ามมิให้ผู้ขับขี่กลับรถหรือเลี้ยวรถทางขวาในเมื่อมีรถอื่นสวนหรือตามมาในระยะน้อยกว่าหนึ่งร้อยเมตรเว้นแต่เมื่อเห็นว่าปลอดภัยและไม่เป็นการกีดขวางการจราจรของรถอื่น,ในซอยที่รถสวนกันไม่สามารถทำอะไรได้ถามพระราชบัญญัติ
มาตรา 53,ห้ามมิให้ผู้ขับขี่(1) เลี้ยวรถหรือกลับรถในทางเดินรถที่มีเครื่องหมายห้ามเลี้ยวขวาห้ามเลี้ยวซ้ายหรือห้ามกลับรถ(2) กลับรถที่เขตปลอดภัย ที่คับขัน บนสะพาน หรือในระยะหนึ่งร้อยเมตรจากทางราบของเชิงสะพาน (3) กลับรถที่ทางร่วมทางแยก เว้นแต่จะมีเครื่องหมายจราจรให้กลับรถในบริเวณดังกล่าวได้,มาตราไหนกำหนดว่าห้ามเลี้ยว
มาตรา 54,การหยุดรถหรือการจอดรถในทางเดินรถ ผู้ขับขี่ต้องให้สัญญาณด้วยมือและแขนตามมาตรา 37 หรือไฟสัญญาณตามมาตรา 38 ก่อนที่จะหยุดรถหรือจอดรถในระยะไม่น้อยกว่าสามสิบเมตร และจะหยุดรถหรือจอดรถได้เมื่อผู้ขับขี่เห็นว่าปลอดภัย และไม่เป็นการกีดขวางการจราจรผู้ขับขี่ต้องจอดรถทางด้านซ้ายของทางเดินรถ และจอดรถให้ด้านซ้ายของรถขนานชิดกับขอบทางหรือไหล่ทางในระยะห่างไม่เกินยี่สิบห้าเซนติเมตรหรือจอดรถตามทิศทางหรือด้านหนึ่งด้านใดของทางเดินรถที่เจ้าพนักงานจราจรกำหนดไว้ แต่ในกรณีที่มีช่องเดินรถประจำทางอยู่ทางด้านซ้ายสุดของทางเดินรถห้ามมิให้ผู้ขับขี่จอดรถในลักษณะดังกล่าวในเวลาที่กำหนดให้ใช้ช่องเดินรถประจำทางนั้น,จะจอดรถต้องดูอะไรบ้าง
มาตรา 55,ห้ามมิให้ผู้ขับขี่หยุดรถ(1) ในช่องเดินรถ เว้นแต่หยุดชิดขอบทางด้านซ้ายของทางเดินรถในกรณีที่ไม่มีช่องเดินรถประจำทาง(2) บนทางเท้า(3) บนสะพานหรือในอุโมงค์(4) ในทางร่วมทางแยก(5) ในเขตที่มีเครื่องหมายจราจรห้ามหยุดรถ(6) ตรงปากทางเข้าออกของอาคารหรือทางเดินรถ(7) ในเขตปลอดภัย(8)(1) ในลักษณะกีดขวางการจราจรความในวรรคหนึ่งมิให้ใช้บังคับแก่ผู้ขับขี่ซึ่งจำเป็นต้องหยุดรถเพราะมีสิ่งกีดขวางอยู่ในทางเดินรถ หรือเครื่องยนต์หรือเครื่องอุปกรณ์ของรถขัดข้องหรือในกรณีที่ปฏิบัติตามสัญญาณจราจรหรือเครื่องหมายจราจร,หยุดรถที่ไหนได้บ้าง
มาตรา 56,ในกรณีที่เครื่องยนต์หรือเครื่องอุปกรณ์ของรถขัดข้องจนต้องจอดรถในทางเดินรถ ผู้ขับขี่ต้องนำรถให้พ้นทางเดินรถโดยเร็วที่สุดในกรณีตามวรรคหนึ่งถ้าจำเป็นต้องจอดรถอยู่ในทางเดินรถ ผู้ขับขี่ต้องจอดรถในลักษณะที่ไม่กีดขวางการจราจร และต้องแสดงเครื่องหมายหรือสัญญาณตามลักษณะและเงื่อนไขที่กำหนดในกฎกระทรวง,ถ้าขับรถอยู่เเล้วเครื่องยนต์ดับหรือมีปัญหาต้องทำอย่างไร
มาตรา 57,เว้นแต่จะได้มีบทบัญญัติ กฎ หรือข้อบังคับตามพระราชบัญญัตินี้กำหนดไว้เป็นอย่างอื่น ห้ามมิให้ผู้ขับขี่จอดรถ(1) บนทางเท้า(2) บนสะพานหรือในอุโมงค์(3) ในทางร่วมทางแยก หรือในระยะสิบเมตรจากทางร่วมทางแยก(4) ในทางข้าม หรือในระยะสามเมตรจากทางข้าม(5) ในเขตที่มีเครื่องหมายจราจรห้ามจอดรถ(6) ในระยะสามเมตรจากท่อน้ำดับเพลิง(7) ในระยะสิบเมตรจากที่ติดตั้งสัญญาณจราจร(8) ในระยะสิบห้าเมตรจากทางรถไฟผ่าน(9) ซ้อนกันกับรถอื่นที่จอดอยู่ก่อนแล้ว(10) ตรงปากทางเข้าออกของอาคารหรือทางเดินรถ หรือในระยะห้าเมตรจากปากทางเดินรถ(11) ระหว่างเขตปลอดภัยกับขอบทาง หรือในระยะสิบเมตรนับจากปลายสุดของเขตปลอดภัยทั้งสองข้าง(12) ในที่คับขัน(13) ในระยะสิบห้าเมตรก่อนถึงเครื่องหมายหยุดรถประจำทางและเลยเครื่องหมายไปอีกสามเมตร(14) ในระยะสามเมตรจากตู้ไปรษณีย์(15) ในลักษณะกีดขวางการจราจร,ตามพระราชบัญญัติกำหนดไว้จอดรถตรงไหนไม่ได้บ้าง
มาตรา 58,การจอดรถในทางเดินรถที่ผู้ขับขี่ไม่อาจอยู่ควบคุมรถนั้นผู้ขับขี่ต้องหยุดเครื่องยนต์และห้ามล้อรถนั้นไวการจอดรถในทางเดินรถที่เป็นทางลาดหรือชัน ผู้ขับขี่ต้องหันล้อหน้าของรถเข้าขอบทาง,จอดรถจำเป็นต้องล็อคล้อไหม
มาตรา 59,เจ้าพนักงานจราจรหรือพนักงานเจ้าหน้าที่มีอำนาจสั่งให้ผู้ขับขี่เคลื่อนย้ายรถที่หยุดหรือจอดอยู่อันเป็นการฝ่าฝืนบทแห่งพระราชบัญญัตินี้ได้เจ้าพนักงานจราจรหรือพนักงานเจ้าหน้าที่มีอำนาจเคลื่อนย้ายรถที่หยุดหรือจอดอยู่อันเป็นการฝ่าฝืนบทแห่งพระราชบัญญัตินี้ หรือใช้เครื่องมือบังคับไม่ให้เคลื่อนย้ายรถดังกล่าวได้การเคลื่อนย้ายรถหรือใช้เครื่องมือบังคับให้รถที่หยุดหรือจอดอยู่ไม่ให้เคลื่อนย้ายได้ตามวรรคสอง เจ้าพนักงาน-จราจรหรือพนักงานเจ้าหน้าที่ไม่ต้องรับผิดสำหรับความเสียหายใด ๆ ที่เกิดขึ้นจากการปฏิบัติตามมาตรานี้ เว้นแต่ความเสียหายนั้นจะเกิดขึ้นจากการกระทำโดยจงใจหรือประมาทเลินเล่อเจ้าของรถหรือผู้ขับขี่ต้องชำระค่าใช้จ่ายในการที่รถถูกเคลื่อนย้ายหรือถูกใช้เครื่องมือบังคับไม่ให้เคลื่อนย้าย ตลอดจนค่าดูแลรักษารถระหว่างที่อยู่ในความครอบครองของเจ้าพนักงานจราจรหรือพนักงานเจ้าหน้าที่  ทั้งนี้ตามอัตราที่กำหนดในกฎกระทรวง ซึ่งต้องกำหนดอัตราค่าใช้จ่ายไม่น้อยกว่าคันละห้าร้อยบาทและค่าดูแลรักษาไม่น้อยกว่าวันละสองร้อยบาท,เจ้าพนักงานสามารถไล่เราจากที่ๆเราจอดอยุ่ได้ไหม
มาตรา 60,การหยุดรถหรือการจอดรถในทางเดินรถนอกเขตเทศบาลผู้ขับขี่ต้องหยุดรถหรือจอดรถ ณ ที่ซึ่งผู้ขับขี่ซึ่งขับรถอื่นจะเห็นได้ในระยะไม่น้อยกว่าหนึ่งร้อยห้าสิบเมตร,การจอดรถนอกเทศบาลต้องมีการปฎิบัติอย่างไร
มาตรา 61,ในเวลาที่มีแสงสว่างไม่เพียงพอที่ผู้ขับขี่จะมองเห็นรถที่จอดในทางเดินรถได้โดยชัดแจ้งในระยะไม่น้อยกว่าหนึ่งร้อยห้าสิบเมตร ผู้ขับขี่ ซึ่งจอดรถในทางเดินรถหรือไหล่ทางต้องเปิดไฟหรือใช้แสงสว่างตามประเภท ลักษณะ และเงื่อนไขที่กำหนดในกฎกระทรวง,จอดรถในตอนกลางคืนต้องทำอะไรบ้าง
มาตรา 62,ในทางเดินรถตอนใดที่มีทางรถไฟผ่าน ถ้าปรากฏว่า(1) มีเครื่องหมายหรือสัญญาณระวังรถไฟแสดงว่ารถไฟกำลังจะผ่าน(2) มีสิ่งปิดกั้นหรือมีเจ้าหน้าที่ให้สัญญาณแสดงว่ารถไฟกำลังจะผ่าน(3) มีเสียงสัญญาณของรถไฟหรือรถไฟกำลังแล่นผ่านเข้ามาใกล้อาจเกิดอันตรายในเมื่อจะขับรถผ่านไปผู้ขับขี่ต้องลดความเร็วของรถและหยุดรถให้ห่างจากทางรถไฟไม่น้อยกว่าห้าเมตร เมื่อรถไฟผ่านไปแล้วและมีเครื่องหมายหรือสัญญาณให้รถผ่านได้ ผู้ขับขี่จึงจะขับรถผ่านไปได้,ถ้าเราได้ยินเสียงรถไฟต้องหยุดจอดรอหรือขึบข้ามไปเลย
มาตรา 63,ในทางเดินรถตอนใดที่มีทางรถไฟผ่านไม่ว่าจะมีเครื่องหมายระวังรถไฟหรือไม่ ถ้าทางรถไฟนั้นไม่มีสัญญาณระวังรถไฟหรือสิ่งปิดกั้น ผู้ขับขี่ต้องลดความเร็วของรถและหยุดรถห่างจากทางรถไฟในระยะไม่น้อยกว่าห้าเมตร เมื่อเห็นว่าปลอดภัยแล้วจึงจะขับรถผ่านไปได้,เราสามารถข้ามทางรถไฟเมื่อไม่มีสัญญาณได้ไหม
มาตรา 65,เมื่อเจ้าพนักงานจราจรได้ประกาศกำหนดให้ช่องเดินรถใดเป็นช่องเดินรถประจำทาง ผู้ขับขี่รถโดยสารประจำทางและรถบรรทุกคนโดยสารตามประเภทที่อธิบดีกำหนด ซึ่งอยู่ในระหว่างรับส่งหรือบรรทุกคนโดยสาร ต้องขับขี่รถภายในช่องเดินรถประจำทาง และจะขับขี่รถออกนอกช่องเดินรถประจำทางได้เมื่อมีสิ่งกีดขวางอยู่ในช่องเดินรถประจำทางนั้น หรือเมื่อต้องปฏิบัติตามคำสั่งของพนักงานเจ้าหน้าที่รถบรรทุกคนโดยสารประเภทใดจะต้องเดินในช่องเดินรถประจำทางให้เป็นไปตามที่อธิบดีกำหนดโดยประกาศในราชกิจจานุเบกษาในการประกาศกำหนดให้ช่องเดินรถใดเป็นช่องเดินรถประจำทางตามวรรคหนึ่ง จะกำหนดเวลาการใช้ช่องเดินรถประจำทางไว้ด้วยก็ได้กรณีจำเป็นเกี่ยวกับการจราจร เจ้าพนักงานจราจรมีอำนาจประกาศให้รถบรรทุกคนโดยสารประเภทหนึ่งประเภทใดที่อธิบดีกำหนดตามวรรคสองจะต้องเดินในช่องเดินรถประจำทางในทางสายใดตอนใดก็ได้,รถประจำทางต้องปฎิบัติตัวอย่างไรบนท้องถนน
มาตรา 66,ห้ามมิให้ผู้ขับขี่รถอื่นนอกจากรถโดยสารประจำทางหรือรถบรรทุกคนโดยสารประเภทที่อธิบดีกำหนด ขับรถในช่องเดินรถประจำทางเว้นแต่จะปฏิบัติตามบทบัญญัติแห่งพระราชบัญญัตินี้,รถประเภทใดบ้างที่สามารถวิ่งในช่องเดินรถของรถประจำทาง
มาตรา 67,ผู้ขับขี่ต้องขับรถด้วยอัตราความเร็วตามที่กำหนดในกฎกระทรวงหรือตามเครื่องหมายจราจรที่ได้ติดตั้งไว้ในทางเครื่องหมายจราจรที่ติดตั้งไว้ตามวรรคหนึ่ง จะกำหนดอัตราความเร็วขั้นสูงหรือขั้นต่ำก็ได้ แต่ต้องไม่เกินอัตราความเร็วที่กำหนดในกฎกระทรวง,มาตราใดกำหนดความขึ้นสูงเเละขึ้นต่ำของรถยนต์
มาตรา 68,ผู้ขับขี่ซึ่งจะเลี้ยวรถ ให้รถอื่นแซงหรือผ่านขึ้นหน้าจอดรถ หยุดรถ หรือกลับรถ ต้องลดความเร็วของรถ,เมื่อเห็นคนจะเเซงต้องชลอไหม
มาตรา 69,ผู้ขับขี่ซึ่งขับรถในทางเดินรถบนเนินเขา บนสะพาน  ที่เชิงสะพาน ที่แคบ ทางโค้ง ทางลาด ที่คับขัน หรือที่มีหมอก ฝน ฝุ่นหรือควัน จนทำให้ไม่อาจเห็นทางข้างหน้าได้ในระยะหกสิบเมตร ต้องลดความเร็วของรถในลักษณะที่จะให้เกิดความปลอดภัย,ถ้าขับขี่บนทางเนินภูเขา หรือ ทางลาดต้องปฎิบัติอย่างไร
มาตรา 71,ภายใต้บังคับมาตรา 21 และมาตรา 26 เมื่อผู้ขับขี่ขับรถมาถึงทางร่วมทางแยก ให้ผู้ขับขี่ปฏิบัติดังนี(1) ถ้ามีรถอื่นอยู่ในทางร่วมทางแยก ผู้ขับขี่ต้องให้รถในทางร่วมทางแยกนั้นผ่านไปก่อน(2) ถ้ามาถึงทางร่วมทางแยกพร้อมกันและไม่มีรถอยู่ในทางร่วมทางแยก ผู้ขับขี่ต้องให้รถที่อยู่ทางด้านซ้ายของตนผ่านไปก่อน เว้นแต่ในทางร่วมทางแยกใดมีทางเดินรถทางเอกตัดผ่านทางเดินรถทางโท ให้ผู้ขับขี่ซึ่งขับรถในทางเอกมีสิทธิขับผ่านไปก่อน(3)(1) ถ้าสัญญาณจราจรไฟสีเขียวปรากฏข้างหน้า แต่ในทางร่วมทางแยกมีรถอื่นหยุดขวางอยู่จนไม่สามารถผ่านพ้นทางร่วมทางแยกไปได้ ผู้ขับขี่จะต้องหยุดรถที่หลังเส้นให้รถหยุดจนกว่าจะสามารถเคลื่อนรถผ่านพ้นทางร่วมทางแยกไปได้,เมื่อขับขี่มาถึงทางร่วมเเยกจะต้องทำอย่างไร
มาตรา 72,ทางเดินรถทางเอกได้แก่ทางเดินรถดังต่อไปนี้(1) ทางเดินรถที่ได้ติดตั้งเครื่องหมายจราจรแสดงว่าเป็นทางเดินรถทางเอก(2) ทางเดินรถที่มีป้ายหยุดหรือป้ายที่มีคำว่า ให้ทาง ติดตั้งไว้ หรือทางเดินรถที่มีคำว่าหยุดหรือเส้นหยุดซึ่งเป็นเส้นขาวทึบหรือเส้นให้ทางซึ่งเป็นเส้นขาวประบนผิวทาง ให้ทางเดินรถที่ขวางข้างหน้าเป็นทางเดินรถทางเอก(3) ในกรณีที่ไม่มีเครื่องหมายจราจรตาม (1) หรือไม่มีป้ายหรือเส้นหรือข้อความบนผิวทางตาม (2) ให้ทางเดินรถที่มีช่องเดินรถมากกว่าเป็นทางเดินรถทางเอก(4) ถนนที่ตัดหรือบรรจบกับตรอกหรือซอย ให้ทางเดินรถที่เป็นถนนเป็นทางเดินรถทางเอกทางเดินรถอื่นที่มิใช่ทางเดินรถทางเอกตามวรรคหนึ่ง ให้เป็นทางเดินรถทางโท,เราจะรู้ไดไงว่าทางเดินรถไหนคือทางเดินรถเอก
มาตรา 73,ในกรณีที่วงเวียนใดได้ติดตั้งสัญญาณจราจรหรือเครื่องหมายจราจร ผู้ขับขี่ต้องปฏิบัติตามสัญญาณ-จราจรหรือเครื่องหมายจราจรนั้นถ้าไม่มีสัญญาณจราจรหรือเครื่องหมายจราจรตามวรรคหนึ่ง เมื่อผู้ขับขี่ขับรถมาถึงวงเวียน ต้องให้สิทธิแก่ผู้ขับขี่ซึ่งขับรถอยู่ในวงเวียนทางด้านขวาของตนขับผ่านไปก่อนในกรณีที่พนักงานเจ้าหน้าที่เห็นสมควรเพื่อความปลอดภัยหรือความสะดวกในการจราจรจะให้สัญญาณจราจรเป็นอย่างอื่นนอกจากที่บัญญัติไว้ในวรรคหนึ่งหรือวรรคสองก็ได้ ในกรณีเช่นนี้ผู้ขับขี่ต้องปฏิบัติตามสัญญาณจราจรที่พนักงานเจ้าหน้าที่กำหนดให้,ขับรถผ่านวงเวียนต้องปฎิบัติอย่างไร
มาตรา 75,ในขณะที่ผู้ขับขี่ขับรถฉุกเฉินไปปฏิบัติหน้าที่ ผู้ขับขี่มีสิทธิดังนี้(1) ใช้ไฟสัญญาณแสงวับวาบ ใช้เสียงสัญญาณไซเรน หรือเสียงสัญญาณอย่างอื่นตามที่อธิบดีกำหนดไว้(2) หยุดรถหรือจอดรถ ณ ที่ห้ามจอด(3) ขับรถเกินอัตราความเร็วที่กำหนดไว้(4) ขับรถผ่านสัญญาณจราจรหรือเครื่องหมายจราจรใด ๆ ที่ให้รถหยุด แต่ต้องลดความเร็วของรถให้ช้าลงตามสมควร(5) ไม่ต้องปฏิบัติตามบทแห่งพระราชบัญญัตินี้หรือข้อบังคับการจราจรเกี่ยวกับช่องเดินรถ ทิศทางของการขับรถหรือการเลี้ยวรถที่กำหนดไว้ในการปฏิบัติตามวรรคหนึ่ง ผู้ขับขี่ต้องใช้ความระมัดระวังตามควรแก่กรณี,เราจะรู้ได้ไงว่ารถคันไหนคือรถขับขี่ฉุกเฉิน
มาตรา 76,เมื่อคนเดินเท้า ผู้ขับขี่ หรือผู้ขี่หรือควบคุมสัตว์เห็นรถฉุกเฉินในขณะปฏิบัติหน้าที่ใช้ไฟสัญญาณแสงวับวาบ หรือได้ยินเสียงสัญญาณไซเรน หรือเสียงสัญญาณอย่างอื่นตามที่อธิบดีกำหนดไว้ คนเดินเท้า ผู้ขับขี่  หรือผู้ขี่หรือควบคุมสัตว์ต้องให้รถฉุกเฉินผ่านไปก่อนโดยปฏิบัติดังต่อไปนี้(1) สำหรับคนเดินเท้าต้องหยุดและหลบให้ชิดขอบทาง หรือขึ้นไปบนทางเขตปลอดภัย หรือไหล่ทางที่ใกล้ที่สุด(2) สำหรับผู้ขับขี่ต้องหยุดรถหรือจอดรถให้อยู่ชิดขอบทางด้านซ้ายหรือในกรณีที่มีช่องเดินรถประจำทางอยู่ทางด้านซ้ายสุดของทางเดินรถต้องหยุดรถหรือจอดรถให้อยู่ชิดช่องเดินรถประจำทาง แต่ห้ามหยุดรถหรือจอดรถในทางร่วมทางแยก(3) สำหรับผู้ขี่หรือควบคุมสัตว์ต้องบังคับสัตว์ให้หยุดชิดทาง แต่ห้ามหยุดในทางร่วมทางแยกในการปฏิบัติตาม (2) และ (3) ผู้ขับขี่และผู้ขี่หรือควบคุมสัตว์ต้องรีบกระทำโดยเร็วที่สุดเท่าที่จะกระทำได้และต้องใช้ความระมัดระวังตามควรแก่กรณี,เมื่อเจอรถขับขี่ฉุกเฉินจะต้องทำอะไรบ้าง
มาตรา 77,ห้ามมิให้ผู้ใดใช้รถทุกชนิดลากรถหรือจูงรถอื่นไปในทางเกินหนึ่งคัน เว้นแต่จะได้รับอนุญาตจากอธิบดีวิธีลากรถหรือจูงรถ และการมีเครื่องหมายเพื่อความปลอดภัยในการลากรถหรือจูงรถให้กำหนดในกฎกระทรวง,รถลากปกติลากรถได้คัน
มาตรา 78,ผู้ใดขับรถหรือขี่หรือควบคุมสัตว์ในทางซึ่งก่อให้เกิดความเสียหายแก่บุคคลหรือทรัพย์สินของผู้อื่นไม่ว่าจะเป็นความผิดของผู้ขับขี่หรือผู้ขี่หรือควบคุมสัตว์หรือไม่ก็ตาม ต้องหยุดรถ หรือสัตว์ และให้ความช่วยเหลือตามสมควร และพร้อมทั้งแสดงตัวและแจ้งเหตุต่อตำรวจที่ใกล้เคียงทันที กับต้องแจ้งชื่อตัว ชื่อสกุล และที่อยู่ของตนและหมายเลขทะเบียนรถแก่ผู้ได้รับความเสียหายด้วยในกรณีที่ผู้ขับขี่หรือผู้ขี่หรือควบคุมสัตว์หลบหนีไปหรือไม่แสดงตัวต่อตำรวจ ณ สถานที่เกิดเหตุ ให้สันนิษฐานว่าเป็นผู้กระทำความผิดและให้ตำรวจมีอำนาจยึดรถคันที่ผู้ขับขี่หลบหนีหรือไม่แสดงตนว่าเป็นผู้ขับขี่ จนกว่าคดีถึงที่สุดหรือได้ตัวผู้ขับขี่ ถ้าเจ้าของหรือผู้ครอบครองไม่แสดงตัวต่อตำรวจภายในหกเดือนนับแต่วันเกิดเหตุ ให้ถือว่ารถนั้นเป็นทรัพย์สินซึ่งได้ใช้ในการกระทำความผิดหรือเกี่ยวกับการกระทำความผิดและให้ตกเป็นของรัฐ,ขับเเล้วหนีจะผิดตามมาตราอะไร
มาตรา 79,ทางใดที่ได้จัดทำไว้สำหรับรถจักรยาน ผู้ขับขี่รถจักรยานต้องขับในทางนั้น,เมื่ื่อขับจักรยานในท้องถนนต้องขับขี่ยังไง
มาตรา 80,รถจักรยานที่ใช้ในทางเดินรถ ไหล่ทางหรือทางที่จัดทำไว้สำหรับรถจักรยาน ผู้ขับขี่รถจักรยานต้องจัดให้มี(1) กระดิ่งที่ให้เสียงสัญญาณได้ยินได้ในระยะไม่น้อยกว่าสามสิบเมตร(2) เครื่องห้ามล้อที่ใช้การได้ดี เมื่อใช้สามารถทำให้รถจักรยานหยุดได้ทันที(3) โคมไฟติดหน้ารถจักรยานแสงขาวไม่น้อยกว่าหนึ่งดวงที่ให้แสงไฟส่องตรงไปข้างหน้าเห็นพื้นทางได้ชัดเจนในระยะไม่น้อยกว่าสิบห้าเมตร และอยู่ในระดับต่ำกว่าสายตาของผู้ขับขี่ซึ่งขับรถสวนมา(4) โคมไฟติดท้ายรถจักรยานแสงแดงไม่น้อยกว่าหนึ่งดวงที่ให้แสงสว่างตรงไปข้างหลังหรือติดวัตถุสะท้อนแสงสีแดงแทน ซึ่งเมื่อถูกไฟส่องให้มีแสงสะท้อน,ถ้าจะใช้จักรยานในท้องถนนจำเป็นต้องมีอะไรบ้าง
มาตรา 81,ในเวลาต้องเปิดไฟตามมาตรา 11 หรือมาตรา 61 ผู้ขับขี่รถจักรยานอยู่ในทางเดินรถ ไหล่ทาง หรือทางที่จัดทำไว้สำหรับรถจักรยานต้องจุดโคมไฟแสงขาวหน้ารถเพื่อให้ผู้ขับขี่หรือคนเดินเท้า ซึ่งขับรถหรือเดินสวนมาสามารถมองเห็นรถ,ในการขับขี่จักรยานตอนกลางคืนต้องมีไฟหน้าไหม
มาตรา 84,เว้นแต่บทบัญญัติในลักษณะนี้จะได้บัญญัติไว้เป็นอย่างอื่นให้ผู้ขับขี่รถจักรยานปฏิบัติตามมาตรา 21 มาตรา 22 มาตรา 23 มาตรา 24 มาตรา 25 มาตรา 26 มาตรา 32 มาตรา 33 มาตรา 34 มาตรา 36 มาตรา 37 มาตรา 39 มาตรา 40 มาตรา 41 มาตรา 42 มาตรา 45  มาตรา 46 มาตรา 47 มาตรา 48 มาตรา 49 มาตรา 50 มาตรา 51 มาตรา 52 มาตรา 53 มาตรา 54 มาตรา 55 มาตรา 56 มาตรา 57 มาตรา 59 มาตรา 60 มาตรา 61 มาตรา 62 มาตรา 63 มาตรา 64 มาตรา 69 มาตรา 70 มาตรา 71 มาตรา 72 มาตรา 73 มาตรา 74 มาตรา 76 (2) มาตรา 78 มาตรา 125 มาตรา 127 และมาตรา 133 ด้วยโดยอนุโลม,ข้อปฎิบัติเมื่อขับรถจักรยานยนนต์มืออะไรบ้าง
มาตรา 88,ผู้ขับขี่รถบรรทุกคนโดยสารต้องหยุดรถและส่งคนโดยสารที่เครื่องหมายหยุดรถประจำทางหรือ ณ สถานที่ตามที่ตกลงกันไว้แล้วแต่กรณี,เมื่อเราโดยสารรถบรรทุกคนเเต่รถบรรทุกคนเลยสถานที่ไปใครผิด
มาตรา 89,ห้ามมิให้ผู้ขับขี่รถบรรทุกคนโดยสารหรือผู้เก็บค่าโดยสารรับบรรทุกคนโดยสารเกินจำนวนที่กฎหมายกำหนดในการนับจำนวนคนโดยสารให้ถือว่าเด็กอายุไม่เกินสิบปีจำนวนสองคนเท่ากับคนโดยสารหนึ่งคน,รถบรรทุกโดยสารต้องเกินเงินตามจำนวนใช้ไหม
มาตรา 90,ห้ามมิให้ผู้ขับขี่รถบรรทุกคนโดยสาร(1) ขับรถเที่ยวเร่หาคนขึ้นรถ(2) จอดรถเป็นคันหัวแถวของรถคันอื่นห่างจากเครื่องหมายจราจรเกินหนึ่งเมตร(3) จอดรถห่างจากท้ายรถคันหน้าเกินหนึ่งเมตร,ข้อจำกัดการขับรถบรรทุกคนมีอะไรบ้าง
มาตรา 91,ห้ามมิให้ผู้ขับขี่รถบรรทุกคนโดยสารหรือผู้เก็บค่าโดยสาร(1) สูบบุหรี่หรือคุยกันในขณะขับรถหรือในขณะทำหน้าที่เก็บค่าโดยสาร(2) กล่าววาจาไม่สุภาพ เสียดสี ดูหมิ่น ก้าวร้าว หรือแสดงกิริยาในลักษณะดังกล่าวต่อคนโดยสารหรือผู้อื่น,ผู้บัขขี่โดยสารต้องพฤติกรรมอย่างไร
มาตรา 92,เมื่อจะเติมน้ำมันเชื้อเพลิงชนิดไวไฟที่มีจุดวาบไฟในอุณหภูมิยี่สิบเอ็ดองศาเซลเซียส หรือต่ำกว่านั้น ผู้ขับขี่รถบรรทุกคนโดยสารต้องหยุดเครื่องยนต์และต้องให้คนโดยสารลงจากรถทุกคนด้วย,เมื่ื่อเติมน้ำมันจำเป็นต้องดับเครื่องด้วยไหม
มาตรา 93,ห้ามมิให้ผู้ขับขี่รถแท็กซี่ปฏิเสธไม่รับจ้างบรรทุกคนโดยสารเว้นแต่การบรรทุกนั้นน่าจะก่อให้เกิดอันตรายแก่ตนหรือแก่คนโดยสารในกรณีที่ผู้ขับขี่รถแท็กซี่มีความประสงค์จะไม่รับจ้างบรรทุกคนโดยสารให้แสดงป้ายงดรับจ้างบรรทุกคนโดยสารวิธีการแสดงป้ายและลักษณะของป้ายงดรับจ้างบรรทุกคนโดยสารให้เป็นไปตามกฎหมายว่าด้วยรถยนต์,รถเเท็กซี่ไม่รับผู้โดยสาร หรือ โดนปฎิเสธขึ้นรถ รถเเท็กซี่ผิดไหม
มาตรา 94,ห้ามมิให้ผู้ขับขี่รถแท็กซี่รับบรรทุกคนโดยสารเกินจำนวนที่ได้กำหนดไว้ในใบอนุญาตตามกฎหมายว่าด้วยรถยนต์ในการนับจำนวนคนโดยสารให้ถือว่าเด็กอายุไม่เกินสิบปีจำนวนสองคนเท่ากับคนโดยสารหนึ่งคน,รถเเท็กซี่ี่มีข้อจำกัดอะไรไหม
มาตรา 95,ห้ามมิให้ผู้ใด(1) เรียกให้คนขึ้นรถแท็กซี่โดยส่งเสียงอื้ออึงหรือในลักษณะที่ก่อความรำคาญให้แก่คนโดยสารหรือผู้อื่น(2) ต้อน ดึง เหนี่ยว หรือยึดยื้อคนหรือสิ่งของของคนนั้น เพื่อให้คนขึ้นรถแท็กซี่คันใดคันหนึ่ง,รถเเท็กซี่เรียนลูกค่าได้ไหม
มาตรา 96,ห้ามมิให้ผู้ขับขี่รถแท็กซี่เรียกเก็บค่าโดยสารเกินอัตราที่ปรากฏจากมาตรแท็กซี่ลักษณะและวิธีการใช้มาตรแท็กซี่ให้เป็นไปตามที่กำหนดในกฎกระทรวง,รถเเท็กซี่เก็บเงินตามมิเตอร์ใช้หรือไม่
มาตรา 98,บทบัญญัติมาตรา 96 และมาตรา 97 จะใช้บังคับในท้องที่ใด และจะใช้บังคับกับรถแท็กซี่ทุกประเภทหรือบางประเภทโดยมีเงื่อนไขอย่างใด ให้เป็นไปตามที่กำหนดในพระราชกฤษฎีกาในท้องที่ใดที่มิได้มีพระราชกฤษฎีกาตามวรรคหนึ่งใช้บังคับ ห้ามมิให้ผู้ขับขี่รถแท็กซี่ในท้องที่นั้นเรียกเก็บค่าโดยสารเกินราคาที่ตกลงกันไว้กับคนโดยสาร และคนโดยสารต้องชำระค่าโดยสารตามที่ตกลงไว้นั้นบทบัญญัติในวรรคสองให้ใช้บังคับแก่กรณีของรถแท็กซี่ประเภทที่มิได้กำหนดไว้ในพระราชกฤษฎีกาตามวรรคหนึ่งด้วย,เเท็กซี่ที่เก็บค่าโดยสารเกินราคาจะผิดตามมาตราอะไร
มาตรา 99,ในขณะขับรถ ห้ามมิให้ผู้ขับขี่รถแท็กซี่(1) สูบบุหรี่ เปิดวิทยุ หรือกระทำด้วยประการใด ๆ ในลักษณะที่ก่อความรำคาญให้แก่คนโดยสาร(2) ยื่นมือ แขน หรือส่วนใดส่วนหนึ่งของร่างกายออกนอกรถ เว้นแต่เป็นการกระทำเพื่อให้สัญญาณตามมาตรา 37(3) จับคันบังคับรถด้วยมือเพียงข้างเดียว เว้นแต่มีเหตุจำเป็น(4) ใช้เสียงสัญญาณเมื่อเข้าไปในบริเวณโรงพยาบาล สถานที่ทำงานหรือสถานศึกษา(5) ใช้เสียงสัญญาณแตรเพื่อเร่งรถอื่น(6) แซงหรือตัดหน้ารถอื่นในลักษณะฉวัดเฉวียนเป็นที่น่าหวาดเกรงว่าจะเกิดอันตราย(7) ขับรถเข้าในบริเวณบ้านของผู้อื่น(8) รับคนโดยสารภายในบริเวณที่เจ้าพนักงานจราจรได้กำหนดเครื่องหมายจราจรห้ามรับคนโดยสาร(9) กล่าววาจาไม่สุภาพ เสียดสี ดูหมิ่น ก้าวร้าว หรือแสดงกิริยาในลักษณะดังกล่าวต่อคนโดยสารหรือผู้อื่น,รถเเท็กซี่สามารถเปิดวิทยุได้หรือไม่
มาตรา 100,ผู้ขับขี่รถแท็กซี่ต้องพาคนโดยสารไปยังสถานที่ที่ว่าจ้างตามเส้นทางที่สั้นที่สุดหรือเส้นทางที่ไม่อ้อมเกินควร และต้องส่งคนโดยสาร ณ  สถานที่ตามที่ตกลงกันไว้ห้ามมิให้ผู้ขับขี่รถแท็กซี่พาคนโดยสารไปทอดทิ้งระหว่างทางไม่ว่าด้วยประการใด ๆ,ถ้ารถเเท็กซี่ขับรถอ้อมเพื่อให้ได้เงินเพิ่มคนขับผิดหรือไม่
มาตรา 101,ผู้ขับขี่รถแท็กซี่ต้องแต่งกายและมีเครื่องหมายเย็บติดหรือปักไว้ที่เครื่องแต่งกายลักษณะเครื่องแต่งกายและเครื่องหมายให้เป็นไปตามที่อธิบดีประกาศกำหนดในราชกิจจานุเบกษาความในวรรคหนึ่งให้ใช้บังคับเมื่อพ้นกำหนดหกสิบวันนับแต่วันที่ประกาศของอธิบดีใช้บังคับ,คนขับเเท็กซี่เเต่งกายเเบบใด
มาตรา 103,ทางใดที่มีทางเท้าหรือไหล่ทางอยู่ข้างทางเดินรถให้คนเดินเท้าเดินบนทางเท้าหรือไหล่ทาง ถ้าทางนั้นไม่มีทางเท้าอยู่ข้างทางเดินรถให้เดินริมทางด้านขวาของตน,ถ้าเดินอยู่ในถนนที่ไม่มีทางเท้าต้องทำตัวอย่างไร
มาตรา 104,ภายในระยะไม่เกินหนึ่งร้อยเมตรนับจากทางข้ามห้ามมิให้คนเดินเท้าข้ามทางนอกทางข้าม,เราไม่ข้ามทางม้าลายได้ไหม
มาตรา 105,คนเดินเท้าซึ่งประสงค์จะข้ามทางเดินรถในทางข้ามที่มีไฟสัญญาณจราจรควบคุมคนเดินเท้า ให้ปฏิบัติตามไฟสัญญาณจราจรที่ปรากฏต่อหน้า ดังต่อไปนี้(1) เมื่อมีสัญญาณจราจรไฟสีแดง ไม่ว่าจะมีรูปหรือข้อความเป็นการห้ามมิให้คนเดินเท้าข้ามทางเดินรถด้วยหรือไม่ก็ตาม ให้คนเดินเท้าหยุดรออยู่บนทางเท้า บนเกาะแบ่งทางเดินรถหรือในเขตปลอดภัย เว้นแต่ทางใดที่ไม่มีทางเท้า ให้หยุดรอบนไหล่ทางหรือขอบทาง(2) เมื่อมีสัญญาณจราจรไฟสีเขียว ไม่ว่าจะมีรูปหรือข้อความเป็นการอนุญาตให้คนเดินเท้าข้ามทางเดินรถด้วยหรือไม่ก็ตาม ให้คนเดินเท้าข้ามทางเดินรถได้(3) เมื่อมีสัญญาณจราจรไฟสีเขียวกระพริบทางด้านใดของทางให้คนเดินเท้าที่ยังมิได้ข้ามทางเดินรถหยุดรอบนทางเท้า บนเกาะแบ่งทางเดินรถหรือในเขตปลอดภัย แต่ถ้ากำลังข้ามทางเดินรถให้ข้ามทางเดินรถโดยเร็ว,จะเดินเท้าต้องข้ามถนนอย่างไร
มาตรา 106,คนเดินเท้าซึ่งประสงค์จะข้ามทางเดินรถในทางข้ามหรือทางร่วมทางแยกที่มีสัญญาณจราจรควบคุมการใช้ทางให้ปฏิบัติดังต่อไปนี้(1) เมื่อมีสัญญาณจราจรไฟสีแดงให้รถหยุดทางด้านใดของทาง ให้คนเดินเท้าข้ามทางเดินรถตามที่รถหยุดนั้น และต้องข้ามทางเดินรถภายในทางข้าม(2) เมื่อมีสัญญาณจราจรไฟสีเขียวให้รถผ่านทางด้านใดของทางห้ามมิให้คนเดินเท้าข้ามทางเดินรถด้านนั้น(3) เมื่อมีสัญญาณจราจรไฟสีเหลืองอำพันหรือไฟสีเขียวกระพริบทางด้านใดของทาง ให้คนเดินเท้าที่ยังมิได้ข้ามทางเดินรถหยุดรอบนทางเท้าบนเกาะแบ่งทางเดินรถ หรือในเขตปลอดภัย แต่ถ้ากำลังข้ามทางเดินรถอยู่ในทางข้าม ให้ข้ามทางเดินรถโดยเร็ว,ไฟสัญญาณของคนเดินเท้าเป็นยังไง
มาตรา 108,ห้ามมิให้ผู้ใดเดินแถว เดินเป็นขบวนแห่ หรือเดินเป็นขบวนใด ๆ ในลักษณะที่เป็นการกีดขวางการจราจร เว้นแต่(1) เป็นแถวทหารหรือตำรวจ ที่มีผู้ควบคุมตามระเบียบแบบแผน(2) แถวหรือขบวนแห่หรือขบวนใด ๆ ที่เจ้าพนักงานจราจรได้อนุญาตและปฏิบัติตามเงื่อนไขที่เจ้าพนักงานจราจรกำหนด,ขอบเขตของการทำรถเเห่คืออะไร
มาตรา 111,ห้ามมิให้ผู้ใดขี่ จูง ไล่ต้อน หรือปล่อยสัตว์ไปบนทางในลักษณะที่เป็นการกีดขวางการจราจร และไม่มีผู้ควบคุมเพียงพอ,เราสามารถปล่อยสัตว์ไปตามท้องถนนได้ไหม
มาตรา 112,การขี่ จูง หรือไล่ต้อนสัตว์ไปบนทาง ให้ผู้ขี่หรือควบคุมสัตว์ปฏิบัติตามบทแห่งพระราชบัญญัตินี้ว่าด้วยรถโดยอนุโลม,การไล่ต้องฝูงสัตว์บนถนนทำได้ไหม
มาตรา 113,เจ้าพนักงานจราจรมีอำนาจออกคำสั่งห้ามขี่ จูง ไล่ต้อน หรือปล่อยสัตว์ไปบนทางใด ๆ เมื่อพิจารณาเห็นว่าการขี่ จูง ไล่ต้อน  หรือปล่อยสัตว์ดังกล่าวจะกีดขวางการจราจรหรือจะก่อให้เกิดความสกปรกบนทาง,เราจะโดนการพนักงานไล่ได้ไหมเมื่อไล่ฝูงสัตว์บนถนน
มาตรา 114,ห้ามมิให้ผู้ใดวาง ตั้ง ยื่น หรือแขวนสิ่งใดสิ่งหนึ่งหรือกระทำด้วยประการใด ๆ ในลักษณะที่เป็นการกีดขวางการจราจร เว้นแต่ได้รับอนุญาตเป็นหนังสือจากเจ้าพนักงานจราจร แต่เจ้าพนักงานจราจรจะอนุญาตได้ต่อเมื่อมีเหตุอันจำเป็นและเป็นการชั่วคราวเท่านั้นผู้ฝ่าฝืนบทบัญญัติในวรรคหนึ่ง นอกจากจะมีความผิดตามมาตรา 148 แล้ว เจ้าพนักงานจราจรมีอำนาจสั่งให้ผู้ฝ่าฝืนรื้อถอนหรือเคลื่อนย้ายสิ่งกีดขวางดังกล่าวได้ ถ้าไม่ยอมรื้อถอนหรือเคลื่อนย้าย ให้เจ้าพนักงานจราจรมีอำนาจรื้อถอนหรือเคลื่อนย้ายได้,ถ้าเราขับรถไปเจอสิ่งของที่ขวางการจราจรเราสามารถเอาออกได้ไหม
มาตรา 117,ห้ามมิให้ผู้ขับขี่รถม้าปล่อยสายบังเหียนในเวลาขับรถม้า,คนขับรถม้าต้องจับสายบังเทียนตลอดเลยไหม
มาตรา 118,การขับรถม้าหรือเกวียนหรือเลื่อนที่เทียมด้วยสัตว์ให้ผู้ขับขี่ปฏิบัติตามบทแห่งพระราชบัญญัตินี้ว่าด้วยรถโดยอนุโลม,ขับรถม้าหรือเกวียนต้องทำตามพระราชบัญญัติไหม
มาตรา 120,ห้ามมิให้ผู้ขับขี่ขับรถถอยหลังในลักษณะที่ไม่ปลอดภัยหรือเป็นการกีดขวางการจราจร,เราขับรถถอยหลังบทท้องถนนได้ไหมเหมือนหลังฮอลลิวูด
มาตรา 122,ผู้ขับขี่รถจักรยานยนตร์ และคนโดยสารรถจักรยานยนตร์ ต้องสวมหมวกที่จัดทำขึ้นโดยเฉพาะเพื่อป้องกันอันตรายในขณะขับขี่ และโดยสารรถจักรยานยนตร์  ทั้งนี้ เฉพาะท้องที่ที่ได้กำหนดไว้ในพระราชกฤษฎีกาความในวรรคหนึ่ง ให้มีผลใช้บังคับเมื่อพ้นกำหนดห้าปีนับแต่วันที่พระราชบัญญัตินี้ใช้บังคับลักษณะและวิธีการใช้หมวกเพื่อป้องกันอันตรายตามวรรคหนึ่ง ให้เป็นไปตามที่กำหนดในกฎกระทรวงบทบัญญัติตามมาตรานี้ มิให้ใช้บังคับแก่ภิกษุ สามเณร นักพรต นักบวช หรือผู้นับถือลัทธิศาสนาอื่นใดที่ใช้ผ้าโพกศีรษะตามประเพณีนิยมนั้น หรือบุคคลใดที่กำหนดในกฎกระทรวง,ขับรถจักรยานยนต์ต้องสวมหมวกกันน็อคไหม
มาตรา 123,"ห้ามมิให้ผู้ขับขี่รถยนต์ยอมให้ผู้อื่นนั่งที่นั่งตอนหน้าแถวเดียวกับที่นั่งผู้ขับขี่รถยนต์เกินสองคนผู้ขับขี่รถยนต์ต้องรัดร่างกายด้วยเข็มขัดนิรภัยไว้กับที่นั่งในขณะขับขี่รถยนต์ และต้องจัดให้คนโดยสารรถยนต์ ซึ่งนั่งที่นั่งตอนหน้าแถวเดียวกับที่นั่งผู้ขับขี่รถยนต์รัดร่างกายไว้กับที่นั่งด้วยเข็มขัดนิรภัยขณะโดยสารรถยนต์และคนโดยสารรถยนต์ดังกล่าวต้องรัดร่างกายด้วยเข็มขัดนิรภัยไว้กับที่นั่งในขณะโดยสารรถยนต์ด้วยประเภทหรือชนิดของรถยนต์ ลักษณะและวิธีการใช้เข็มขัดนิรภัยตามวรรคสอง ให้เป็นไปตามที่อธิบดีกำหนด โดยประกาศในราชกิจจานุเบกษา , ในกรณีของรถยนต์ที่ได้จดทะเบียนไว้แล้วก่อนวันที่พระราชบัญญัตินี้ใช้บังคับ ให้ผู้ขับขี่รถยนต์และคนโดยสารรถยนต์นั้น ได้รับยกเว้นไม่ต้องปฏิบัติตามมาตรา 123 วรรคสอง ",ถ้ารถในรถเรามีทีนั่งไม่พอสามารถนั่งข้างหน้าโดยรวมคนขับเเล้วมี 3 คนได้หรือไม่
มาตรา 124,ห้ามมิให้ผู้ใดกระทำด้วยประการใด ๆ อันเป็นเหตุให้ผู้ขับขี่มองไม่เห็นทางด้านหน้าหรือด้านข้างของรถได้โดยสะดวกในขณะขับรถหรือในลักษณะที่เป็นการกีดขวางการควบคุมบังคับรถ ห้ามมิให้ผู้ใดเกาะ ห้อยโหนหรือยื่นส่วนหนึ่งส่วนใดของร่างกายออกไปนอกตัวถังรถยนต์โดยไม่สมควร หรือนั่งหรือยืนในหรือบนรถยนต์ในลักษณะที่อาจก่อให้ เกิดอันตราย ในขณะที่รถยนต์เคลื่อนที่อยู่ในทางเดินรถห้ามมิให้ผู้ใดขึ้นหรือลงรถโดยสารประจำทาง รถบรรทุกคนโดยสารรถโรงเรียน หรือรถแท็กซี่ ในขณะที่รถดังกล่าวหยุดเพื่อรอสัญญาณไฟจราจรหรือหยุดเพราะติดการจราจรห้ามมิให้ผู้ขับขี่หรือผู้เก็บค่าโดยสาร รถโดยสารประจำทาง รถบรรทุก   คนโดยสาร รถโรงเรียน หรือรถแท็กซี่ ยินยอมให้ผู้ใดกระทำการใด ๆ ตามวรรคสองหรือวรรคสาม,เราสามารถนั่งบนหลังคนรถยนต์ได้หรือไม่
มาตรา 125,การขับรถผ่านทางแคบระหว่างภูเขาหรือระหว่างเนิน หรือการขับรถในทางเดินรถบนภูเขาหรือบนเนิน ผู้ขับขี่ต้องขับรถให้ชิดขอบทางด้านซ้าย และเมื่อถึงทางโค้งผู้ขับขี่ต้องใช้เสียงสัญญาณเพื่อเตือนรถอื่นที่อาจสวนมา,ควรทำอย่างไรเมื่อขับรถอยุ่ในที่เเคบ
มาตรา 126,ห้ามมิให้ผู้ขับขี่ใช้เกียร์ว่างหรือเหยียบคลัทช์ในขณะที่ขับรถลงตามทางลาดหรือไหล่เขา,ในขณะขับอยู่บนทางลาดหรือไหล่เขาต้องใช้เกียร์ประเภทอะไร
มาตรา 127,ห้ามมิให้ผู้ขับขี่ขับรถ (1) ตามหลังรถฉุกเฉินซึ่งกำลังปฏิบัติหน้าที่ในระยะต่ำกว่าห้าสิบเมตร (2) ผ่านเข้าไปหรือจอดในบริเวณเขตปฏิบัติการดับเพลิง (3) ทับสายสูบดับเพลิงที่ไม่มีเครื่องป้องกันสายสูบในขณะเจ้าหน้าที่ดับเพลิงปฏิบัติการตามหน้าที่ เว้นแต่ได้รับความยินยอมจากเจ้าหน้าที่ดับเพลิงซึ่งปฏิบัติหน้าที่อยู่ในขณะนั้น,สามารถขับรถตามรถฉุกเฉินได้ไหม
มาตรา 129,ผู้ใดรู้ว่ามีสิ่งใดสิ่งหนึ่งตามมาตรา 128 อันอยู่ในความดูแลของตน ตก หก หรือไหลอยู่บนทาง ผู้นั้นต้องจัดการเก็บกวาดของดังกล่าวออกจากทางทันที,ถ้าเราทำน้ำหกหรือสิ่งของจากหล่นจำเป็นจ้องเก็บกวาดออกไหม
มาตรา 131,ผู้ใดเคลื่อนย้ายรถที่ชำรุดหรือหักพังออกจากทาง ผู้นั้นต้องจัดการเก็บสิ่งของที่ตกหล่นอันเนื่องจากความชำรุดหรือหักพังของรถออกจากทางทันที,หากทำการเครื่องย้ายรถยนต์เเล้วต้องเก็บสิ่งของที่อยู่ตามพื้นหรือไม่
มาตรา 133,รถที่เข้าขบวนแห่ต่าง ๆ หรือรถที่นำมาใช้เฉพาะเพื่อการโฆษณาสินค้าหรือมหรสพที่แห่หรือโฆษณาไปตามทาง จะต้องรับอนุญาตจากเจ้าพนักงานจราจร เว้นแต่ขบวนแห่หรือการโฆษณานั้นเป็นของทางราชการรถที่ใช้โฆษณาสินค้าหรือมหรสพดังกล่าวในวรรคหนึ่ง ถ้าเข้าขบวนแห่ที่รับอนุญาตแล้ว และในการอนุญาตนั้นได้ระบุรถที่ว่านี้ไว้ด้วยแล้ว รถนั้นไม่จำต้องได้รับอนุญาต,ถ้าเจอรถที่โฆษณาเสียงดังมีโทษไหม
มาตรา 134,ห้ามมิให้ผู้ใดแข่งรถในทาง เว้นแต่จะได้รับอนุญาตเป็นหนังสือจากเจ้าพนักงานจราจรห้ามมิให้ผู้ใดจัด สนับสนุน หรือส่งเสริมให้มีการแข่งรถในทาง เว้นแต่จะได้รับอนุญาตเป็นหนังสือจากเจ้าพนักงาน-จราจร,มีการเเข่งรถยนต์ในท้องถนน มีความผิดไหม
มาตรา 137,ในการปฏิบัติหน้าที่ที่ได้รับมอบหมายของอาสาจราจรตามพระราชบัญญัตินี้ ให้อาสาจราจรเป็นเจ้าพนักงานตามประมวลกฎหมายอาญา,อาสาจราจรหน้าที่คืออะไร
มาตรา 138,ในกรณีที่มีเหตุฉุกเฉินหรืออุบัติเหตุเกิดขึ้น ทำให้ไม่ปลอดภัย หรือไม่สะดวกในการจราจรในอาณาบริเวณใด เจ้าพนักงานจราจรหรือพนักงานเจ้าหน้าที่มีอำนาจดำเนินการได้ตามที่เห็นสมควรและจำเป็นเกี่ยวกับการจราจรในอาณาบริเวณนั้นเพื่อให้เกิดความปลอดภัยหรือความสะดวกในการจราจรดังต่อไปนี้ (1) ห้ามรถทุกชนิดหรือบางชนิดหรือคนเดินเท้าเดินในทางสายใดหรือเฉพาะทางตอนใด (2) ห้ามหยุดหรือจอดรถในทางสายใดหรือเฉพาะทางตอนใด (3) ห้ามเลี้ยวรถ กลับรถ หรือถอยหลังรถ ในทางสายใดหรือเฉพาะทางตอนใด (4) กำหนดทางสายใดหรือเฉพาะทางตอนใดให้รถเดินได้ทางเดียว ทั้งนี้ ชั่วระยะเวลาเท่าที่จำเป็น,เมื่อเกิดอุบัติเหตุเจ้าพนักงานจะต้องทำอะไรบ้าง
มาตรา 139,ในทางสายใดหรือเฉพาะทางตอนใดที่เจ้าพนักงานจราจรเห็นว่าถ้าได้ออกประกาศข้อบังคับหรือระเบียบเกี่ยวกับการจราจรแล้วจะเป็นการปลอดภัย และสะดวกในการจราจร ให้เจ้าพนักงานจราจรมีอำนาจออกประกาศข้อบังคับ หรือระเบียบดังต่อไปนี้ (1) ห้ามรถทุกชนิดหรือบางชนิดเดิน (2) ห้ามหยุดหรือจอด (3) ห้ามเลี้ยวรถ กลับรถ หรือถอยหลังรถ (4) กำหนดให้รถเดินได้ทางเดียว (5) กำหนดระยะเวลาจอดรถในทางแคบหรือที่คับขัน (6) กำหนดอัตราความเร็วของรถในทางภายในอัตราที่กำหนดในกฎกระทรวง (7) กำหนดช่องหรือแนวทางเดินรถขึ้นและล่อง (8) กำหนดทางเดินรถทางเอกและทางเดินรถทางโท (9) กำหนดการจอดรถหรือที่จอดพักรถ (10) กำหนดระเบียบการใช้ทางหรือช่องเดินรถสำหรับรถบางประเภท (11) กำหนดระเบียบเกี่ยวกับการใช้รถโรงเรียน (12) กำหนดระเบียบเกี่ยวกับการบรรทุกคนโดยสารสำหรับรถจักรยาน (13) ควบคุมขบวนแห่หรือการชุมนุมสาธารณะ (14) ควบคุมหรือห้ามเลี้ยวรถในทางร่วมทางแยก (15) ขีดเส้นหรือทำเครื่องหมายจราจรบนผิวทาง หรือติดตั้งสัญญาณจราจร หรือเครื่องหมายจราจร (16) กำหนดระยะทางตอนใดให้ขับรถล้ำเข้าไปในเส้นกึ่งกลางของทางที่เจ้าพนักงานจราจรกำหนดไว้ได้ (17) กำหนดระเบียบเกี่ยวกับการจอดรถที่ชำรุด หักพัง ตลอดจนรถที่ซ่อมแซมในทาง (18) กำหนดระเบียบการข้ามทางของคนเดินเท้าบนทางที่ไม่มีทางข้าม (19) กำหนดการใช้โคมไฟ(20) กำหนดการใช้เสียงสัญญาณ(21) กำหนดระเบียบการอนุญาตและการใช้รถที่มีล้อหรือส่วนที่สัมผัสกับผิวทางไม่ใช่ยาง,ทำไมในบ้างพื้นที่มีกฎการจราจรเเปลกกว่าปกติ
มาตรา 140,เมื่อเจ้าพนักงานจราจรหรือพนักงานเจ้าหน้าที่พบว่าผู้ขับขี่ผู้ใดฝ่าฝืนหรือไม่ปฏิบัติตามบทแห่งพระราชบัญญัตินี้ หรือกฎหมายอันเกี่ยวกับรถนั้น ๆ จะว่ากล่าว ตักเตือนผู้ขับขี่ หรือออกใบสั่งให้ผู้ขับขี่ชำระค่าปรับตามที่เปรียบเทียบก็ได้  ในกรณีที่ไม่พบตัวผู้ขับขี่ก็ให้ติดหรือผูกใบสั่งไว้ที่รถที่ผู้ขับขี่เห็นได้ง่ายสำหรับความผิดที่กำหนดไว้ในมาตรา 157 ทวิ มาตรา 159 มาตรา 160 และมาตรา 160 ทวิ ห้ามมิให้ว่ากล่าวตักเตือนหรือทำการเปรียบเทียบในการออกใบสั่งให้ผู้ขับขี่ชำระค่าปรับตามที่เปรียบเทียบตามวรรคหนึ่งเจ้าพนักงานจราจรหรือพนักงานเจ้าหน้าที่จะเรียกเก็บใบอนุญาตขับขี่ไว้เป็นการชั่วคราวก็ได้ แต่ต้องออกใบรับแทนใบอนุญาตขับขี่ให้แก่ผู้ขับขี่ไว้ และเจ้าพนักงานจราจรหรือพนักงานเจ้าหน้าที่ต้องรีบนำใบอนุญาตขับขี่ที่เรียกเก็บไว้ไปส่งมอบพนักงานสอบสวนภายในแปดชั่วโมง นับแต่เวลาที่ออกใบสั่งใบรับแทนใบอนุญาตขับขี่ที่ออกให้ตามวรรคสามให้ใช้แทนใบอนุญาตขับขี่ได้เป็นการชั่วคราวไม่เกินเจ็ดวัน เมื่อเจ้าพนักงานจราจรหรือพนักงานเจ้าหน้าที่ หรือพนักงานสอบสวนได้ว่ากล่าวตักเตือนหรือทำการเปรียบเทียบปรับและผู้ขับขี่ได้ชำระค่าปรับตามที่เปรียบเทียบแล้ว ให้คืนใบอนุญาตขับขี่ทันทีในกรณีเจ้าพนักงานจราจรหรือพนักงานเจ้าหน้าที่ออกใบสั่งแต่ไม่พบตัวผู้ขับขี่ ให้สันนิษฐานว่าเจ้าของรถหรือผู้ครอบครองรถเป็นผู้กระทำผิดดังกล่าวเว้นแต่สามารถพิสูจน์ได้ว่าผู้อื่นเป็นผู้ขับขี่การกำหนดจำนวนค่าปรับตามที่เปรียบเทียบ ให้เป็นไปตามหลักเกณฑ์ที่อธิบดีกำหนดใบสั่งและใบรับแทนใบอนุญาตขับขี่ ให้ทำตามแบบที่เจ้าพนักงานจราจรกำหนด,เราจะโดนใบสั่งได้ตอนไหน
มาตรา 141,ผู้ขับขี่หรือเจ้าของรถซึ่งได้รับใบสั่งตามมาตรา 140 อาจเลือกปฏิบัติอย่างใดอย่างหนึ่งดังต่อไปนี้ (1) ชำระค่าปรับตามจำนวนที่ระบุไว้ในใบสั่งหรือตามจำนวนที่พนักงานสอบสวนแจ้งให้ทราบ ณ สถานที่ที่ระบุไว้ในใบสั่งหรือสถานที่ที่อธิบดีกำหนดโดยประกาศในราชกิจจานุเบกษาภายในวัน เวลา ที่ระบุไว้ในใบสั่ง(2) ชำระค่าปรับตามจำนวนที่ระบุไว้ในใบสั่งโดยการส่งธนาณัติ หรือการส่งตั๋วแลกเงินของธนาคารโดยทางไปรษณีย์ลงทะเบียน สั่งจ่ายให้แก่อธิบดีพร้อมด้วยสำเนาใบสั่งไปยังสถานที่ และภายในวัน เวลา ที่ระบุไว้ในใบสั่งเมื่อผู้ได้รับใบสั่งได้ชำระค่าปรับครบถ้วนถูกต้องแล้วให้คดีเป็นอันเลิกกัน และในกรณีที่เจ้าพนักงานจราจรหรือพนักงานเจ้าหน้าที่ได้เรียกเก็บใบอนุญาตขับขี่ไว้ให้เจ้าพนักงานจราจรหรือพนักงานสอบสวนรีบจัดส่งใบอนุญาตขับขี่ที่เรียกเก็บไว้คืนให้แก่ผู้ได้รับใบสั่งโดยเร็ว และให้ถือว่าใบรับการส่งธนาณัติ หรือใบรับการส่งตั๋วแลกเงินประกอบกับใบสั่งเป็นใบแทนใบอนุญาตขับขี่ได้เป็นเวลาสิบวัน นับแต่วันที่ส่งธนาณัติ หรือตั๋วแลกเงินดังกล่าว วิธีการชำระค่าปรับโดยส่งทางไปรษณีย์ลงทะเบียนและวิธีการส่งใบอนุญาตขับขี่คืนให้แก่ผู้ได้รับใบสั่งให้เป็นไปตามระเบียบที่อธิบดีกำหนด,เมื่ื่อโดนใบสั่งจะต้องทำอะไรบ้าง
มาตรา 142,เจ้าพนักงานจราจรหรือพนักงานเจ้าหน้าที่มีอำนาจสั่งให้ผู้ขับขี่หยุดรถในเมื่อ(1) รถนั้นมีสภาพไม่ถูกต้องตามที่บัญญัติไว้ในมาตรา 6(2) เห็นว่าผู้ขับขี่หรือบุคคลใดในรถนั้นได้ฝ่าฝืนหรือไม่ปฏิบัติตามบทแห่งพระราชบัญญัตินี้หรือกฎหมายอันเกี่ยวกับรถนั้น ๆ(26)(2) ในกรณีที่เจ้าพนักงานจราจร พนักงานสอบสวน หรือพนักงานเจ้าหน้าที่เห็นว่าผู้ขับขี่ฝ่าฝืนมาตรา 43 (1) หรือ (2) ให้เจ้าพนักงานจราจร พนักงานสอบสวน หรือพนักงานเจ้าหน้าที่สั่งให้มีการทดสอบผู้ขับขี่ดังกล่าวว่าหย่อนความสามารถในอันที่จะขับหรือเมาสุราหรือของเมาอย่างอื่นหรือไม่(3)ในกรณีที่ผู้ขับขี่ตามวรรคสองไม่ยอมให้ทดสอบ   ให้เจ้าพนักงานจราจร   พนักงานสอบสวน   หรือพนักงานเจ้าหน้าที่มีอำนาจกักตัวผู้นั้นไว้ดำเนินการทดสอบได้ภายในระยะเวลาเท่าที่จำเป็นแห่งกรณีเพื่อให้การทดสอบเสร็จสิ้นไปโดยเร็ว และเมื่อผู้นั้นยอมให้ทดสอบแล้ว เหตุผลการทดสอบปรากฏว่าไม่ได้ฝ่าฝืนมาตรา 43 (1) หรือ (2) ก็ให้ปล่อยตัวไปทันที(4)การทดสอบตามมาตรานี้ ให้เป็นไปตามหลักเกณฑ์และวิธีการที่กำหนดในกฎกระทรวง,เราจะโดนเจ้าหน้าที่พนักงานสั่งหยุดรถได้ก็ต่อเมื่อใด
มาตรา 146,เงินค่าปรับตามพระราชบัญญัตินี้ที่ได้รับในกรุงเทพมหานครหรือในจังหวัดใด หรือในท้องถิ่นที่กระทรวงมหาดไทยประกาศกำหนด ให้แบ่งให้แก่กรุงเทพมหานครหรือเทศบาลในจังหวัดนั้นเพื่อใช้ในการดำเนินการเกี่ยวกับการจราจร ในอัตราร้อยละห้าสิบของจำนวนเงินค่าปรับ หรือให้ตกเป็นของท้องถิ่นที่กระทรวงมหาดไทยประกาศกำหนดทั้งหมด,เงินที่โดยปรับจะเก็บเข้าหน่วยงานอะรไบ้าง
มาตรา 147,ผู้ใดฝ่าฝืนหรือไม่ปฏิบัติตามมาตรา 12 มาตรา 79  มาตรา 80 มาตรา 81 มาตรา 82 มาตรา 103 มาตรา 104 มาตรา 105 มาตรา 106 มาตรา 115 มาตรา 116 มาตรา 117 มาตรา 131 หรือมาตรา 132  ต้องระวางโทษปรับไม่เกินสองร้อยบาท,ถ้าผิดตามมาตรา 106 ต้องโดนปรับกี่บาท
มาตรา 148,ผู้ใดฝ่าฝืนหรือไม่ปฏิบัติตามมาตรา 6 วรรคหนึ่งหรือวรรคสอง มาตรา 8 วรรคหนึ่ง มาตรา 9 มาตรา 10 มาตรา 11 มาตรา 14  วรรคหนึ่ง มาตรา 20 มาตรา 36 มาตรา 37 มาตรา 38 มาตรา 41  มาตรา 42 มาตรา 44 มาตรา 51 มาตรา 54 มาตรา 55 วรรคหนึ่ง  มาตรา 57 มาตรา 58 มาตรา 60 มาตรา 62 มาตรา 63 มาตรา 68  มาตรา 69 มาตรา 70 มาตรา 71 มาตรา 73 วรรคสอง มาตรา 74  มาตรา 76 มาตรา 83 มาตรา 84 มาตรา 87 มาตรา 88 มาตรา 96  วรรคหนึ่ง มาตรา 97 มาตรา 101  มาตรา 107 มาตรา 108 มาตรา 109  มาตรา 110 มาตรา 111 มาตรา 112 มาตรา 114 วรรคหนึ่ง มาตรา 118  มาตรา 119 มาตรา 120 มาตรา 121 มาตรา 122 มาตรา 123 มาตรา 124 มาตรา 126 มาตรา 129 หรือมาตรา 133 ต้องระวางโทษปรับไม่เกินห้าร้อยบาท,ถ้าผิดตามมาตรา 8 ต้องโดนปรับกี่บาท
มาตรา 153,ผู้ประกอบการรับจ้างบรรทุกคนโดยสารโดยใช้รถแท็กซี่ผู้ใดไม่จอดรถ ณ สถานที่ที่กำหนดตามพระราชกฤษฎีกาซึ่งออกตามมาตรา 102  ต้องระวางโทษปรับไม่เกินหนึ่งพันบาท,ถ้าเเท็กซี่รับรถที่ไม่ใช่ตามพระราชบัญญัติกำหนดจำโดนอะไรไหม
มาตรา 162,ในคดีที่ผู้ขับขี่ต้องคำพิพากษาถึงที่สุดว่าได้กระทำความผิดตามพระราชบัญญัตินี้หรือกฎหมายอันเกี่ยวกับรถนั้น ๆ นอกจากจะได้รับโทษตามบทบัญญัติดังกล่าวแล้ว ถ้าความปรากฏแก่ศาลว่าหากให้ผู้นั้นขับรถต่อไปอาจก่อให้เกิดภยันตรายแก่บุคคลหรือทรัพย์สินของผู้อื่น ศาลมีอำนาจสั่งพักใช้หรือเพิกถอนใบอนุญาตขับขี่ของผู้นั้นได้,ถ้าทำผิดมีโอกาสโดนยึดใบขับขี่ไหม